actuator_id,manufacturer,model,kind,motor_id,gearbox_id,driver_id,driver_included,Reducer,Voltage_V,Rated_Torque_Nm,Peak_Torque_Nm,Max_Momentary_Torque_Nm,Rated_Speed_RPM,Max_Speed_RPM,Rated_Power_W,Weight_kg,Diameter_mm,Length_mm,IP,Communication,Price_EUR,Output_Kt_Nm_per_A,Source,Notes
soceboz-fl102hsv14-35-1-reducer,Soceboz,FL102HSV14 + 35:1 reducer,commercial,soceboz-fl102,,,,35:1,48,87.5,120,262.5,57,88,523,2,102,23,,,5000,,user notes,Output values = motor x 35; user targets 250 Nm & 114 RPM @ ~1 kW continuous (3 kW peak)
rsl-eth-dynadrive,RSL-ETH,DynaDrive,commercial,,,rsl-dynadrive-embedded,yes,integrated,48,27,60,,148,,930,,,,IP66,EtherCAT,,,https://rsl.ethz.ch/robots-media/actuators/DynaDrives.html,15.5 rad/s output; peak current 32A; 13.5A @ nominal; 6D IMU; 21-bit absolute output encoder; <0.1 deg backlash; weight not published
myactuator-rmd-x2-p28-7-e,MyActuator,RMD-X2-P28-7-E,commercial,myactuator-m-0-8-0-61-4-3,myactuator-rmd-x2-p28-7-e-gbx,,yes,planetary 28.17:1,24,2.5,7,,142,178,37,0.26,44,63.5,,CAN BUS / EtherCAT,,0.8,"https://dings-motion.squarespace.com/s/MyActuator-2025-product-manual.pdf (MyActuator 2025 General Catalog, p13-14)",X2-7. Module (output) torque const 0.8 Nm/A. Motor phase inductance 0.13 mH; efficiency 63%; back-drive torque 0.4 Nm; backlash 12 arcmin; inertia 0.17 kg.cm2; dual encoder ABS-17BIT(in)/18BIT(out); no brake (N). Currents A(rms). Stall: 7.5 Nm@5s. | url:https://www.myactuator.com/x2-7details | datasheet:MyActuator-2025-product-manual.pdf
myactuator-rmd-x4-p12-10-e,MyActuator,RMD-X4-P12-10-E,commercial,myactuator-m-0-8-0-32-6,myactuator-rmd-x4-p12-10-e-gbx,,yes,planetary 12.6:1,24,4,10,,238,317,100,0.33,55,55.5,,CAN BUS / EtherCAT,317,0.8,https://dings-motion.squarespace.com/s/MyActuator-2025-product-manual.pdf (2025 catalog p15-16),X4-10. Module (output) Kt 0.8 Nm/A. L 0.14 mH; eff 69.5%; back-drive 0.8 Nm; backlash 10 arcmin; inertia 0.25 kg.cm2; dual encoder ABS-17BIT/18BIT; no brake. Currents A(rms). Stall: 8 Nm@3s. | url:https://www.myactuator.com/x4-10details | datasheet:MyActuator-2025-product-manual.pdf
myactuator-rmd-x4-p36-36-e,MyActuator,RMD-X4-P36-36-E,commercial,myactuator-m-1-9-0-35-6,myactuator-rmd-x4-p36-36-e-gbx,,yes,planetary 36:1,24,10.5,34,,83,111,100,0.36,55,61,,CAN BUS / EtherCAT,368,1.9,https://dings-motion.squarespace.com/s/MyActuator-2025-product-manual.pdf (2025 catalog p17-18),X4-36. Module (output) Kt 1.9 Nm/A. L 0.17 mH; eff 63.1%; back-drive 1.14 Nm; backlash 10 arcmin; crossed-roller output bearing; dual encoder ABS-17BIT/18BIT; no brake. Currents A(rms). Stall: 34.5 Nm@3s. | url:https://www.myactuator.com/x4-36details | datasheet:MyActuator-2025-product-manual.pdf
myactuator-rmd-x6-p8-8-c,MyActuator,RMD-X6-P8-8-C,commercial,myactuator-m-1-3-1-1-19-4,myactuator-rmd-x6-p8-8-c-gbx,,yes,planetary 8:1,48,4.5,8,,310,387,135,0.49,80,48,,CAN BUS,327,1.3,https://dings-motion.squarespace.com/s/MyActuator-2025-product-manual.pdf (2025 catalog p19-20),X6-8 (V3). Module (output) Kt 1.3 Nm/A. L 0.57 mH; eff 78%; back-drive 0.8 Nm; backlash 10 arcmin; deep-groove ball output bearing; dual encoder ABS-17BIT/18BIT; no brake. Currents A(rms). Stall: 13.5 Nm@3s. | url:https://www.myactuator.com/x6-8-details | datasheet:MyActuator-2025-product-manual.pdf
myactuator-rmd-x6-p20-60-e,MyActuator,RMD-X6-P20-60-E,commercial,myactuator-m-2-1-0-41-16,myactuator-rmd-x6-p20-60-e-gbx,,yes,planetary 19.612:1,48,20,60,,153,176,320,0.82,80,67.5,,CAN BUS / EtherCAT,451,2.1,https://dings-motion.squarespace.com/s/MyActuator-2025-product-manual.pdf (2025 catalog p21-22),X6-60. Module (output) Kt 2.1 Nm/A. L 0.51 mH; eff 72.7%; back-drive 1.6 Nm; backlash 10 arcmin; crossed-roller output bearing; dual encoder ABS-17BIT/17BIT; no brake. Currents A(rms). Stall: 60 Nm@5s. | url:https://www.myactuator.com/x6-60details | datasheet:MyActuator-2025-product-manual.pdf
myactuator-rmd-x8-p9-32-r,MyActuator,RMD-X8-P9-32-R,commercial,myactuator-m-1-3-0-13-10-9,myactuator-rmd-x8-p9-32-r-gbx,,yes,planetary 9:1,24,8,32,,244,277,204,0.55,96,41.2,,RS485,,1.3,https://dings-motion.squarespace.com/s/MyActuator-2025-product-manual.pdf (2025 catalog p23-24),X8-32 (single encoder). Module (output) Kt 1.3 Nm/A. L 0.081 mH; eff 82%; back-drive 0.8 Nm; backlash 8 arcmin; deep-groove ball output bearing; SINGLE encoder ABS-18BIT; no brake. Currents A(rms). Stall: 30 Nm@3s. | url:https://www.myactuator.com/x8-32-details | datasheet:MyActuator-2025-product-manual.pdf
myactuator-rmd-x8-p9-50-c-r,MyActuator,RMD-X8-P9-50-C / -R,commercial,myactuator-m-4-7-0-28-48-5,myactuator-rmd-x8-p9-50-c-r-gbx,,yes,planetary 9:1,48,15,50,,110,137,125,0.72,96,,,RS485 / CAN BUS,639,4.7,https://dings-motion.squarespace.com/s/MyActuator-2025-product-manual.pdf (2025 catalog p25-26),X8-50 (higher-Kt winding of X8 frame). Module (output) Kt 4.7 Nm/A. L 0.34 mH; eff 80%; back-drive 0.8 Nm; backlash 10 arcmin; dual encoder ABS-17BIT/18BIT; no brake. Currents A(rms). Length not legible on datasheet drawing. Stall: 45 Nm@3s. | url:https://www.myactuator.com/rmd-x-planetarymotor | datasheet:MyActuator-2025-product-manual.pdf
myactuator-rmd-x8-p20-120-e,MyActuator,RMD-X8-P20-120-E,commercial,myactuator-m-2-4-0-18-19-2,myactuator-rmd-x8-p20-120-e-gbx,,yes,planetary 19.612:1,48,43,120,,127,158,574,1.40,96,76,,CAN BUS / EtherCAT,593,2.4,https://dings-motion.squarespace.com/s/MyActuator-2025-product-manual.pdf (2025 catalog p27-28),X8-120. Module (output) Kt 2.4 Nm/A. L 0.31 mH; eff 79%; back-drive 3.21 Nm; backlash 10 arcmin; crossed-roller output bearing; dual encoder ABS-17BIT/17BIT; no brake. Currents A(rms). Stall: 129 Nm@5s. | url:https://www.myactuator.com/x8-120details | datasheet:MyActuator-2025-product-manual.pdf
myactuator-rmd-x12-p20-320-e,MyActuator,RMD-X12-P20-320-E,commercial,myactuator-m-3-3-0-12-17-9,myactuator-rmd-x12-p20-320-e-gbx,,yes,planetary 20:1,48,85,320,,100,125,900,2.37,124,85,,CAN BUS / EtherCAT,1003,3.3,https://dings-motion.squarespace.com/s/MyActuator-2025-product-manual.pdf (2025 catalog p29-30); confirmed https://aifitlab.com/products/myactuator-rmd-x12-320-motor,X12-320. Module (output) Kt 3.3 Nm/A. L 0.05 mH; eff 75%; back-drive 3.8 Nm; backlash 10 arcmin; crossed-roller output bearing; dual encoder ABS-17BIT/17BIT; no brake. Currents A(rms). Rated OUTPUT power=900 W per datasheet & AIFITLAB (existing DB row says 1000 W - existing is wrong). Weight 2.37 kg (existing row 2.40). Stall: 300 Nm@3s. | url:https://www.myactuator.com/x12-320-details | datasheet:MyActuator-2025-product-manual.pdf
myactuator-rmd-x15-p20-450-e,MyActuator,RMD-X15-P20-450-E,commercial,myactuator-m-5-8-0-08-29-9,myactuator-rmd-x15-p20-450-e-gbx,,yes,planetary 20.25:1,72,145,450,,98,108,1480,3.50,166,69,,CAN BUS / EtherCAT,1600,5.8,https://dings-motion.squarespace.com/s/MyActuator-2025-product-manual.pdf (2025 catalog p31-32),X15-450. 72V input. Module (output) Kt 5.8 Nm/A. L 0.14 mH; eff 82.4%; back-drive 4 Nm; backlash 10 arcmin; crossed-roller output bearing; dual encoder ABS-17BIT/17BIT; no brake. Currents A(rms). Stall: 435 Nm@5s. | url:https://www.myactuator.com/x15-450-details | datasheet:MyActuator-2025-product-manual.pdf | price: CHF1500 user-supplied 2026-08-30 -> EUR1600 @ 1.0667 CHF->EUR (xe.com spot, 2026-08-30)
myactuator-rmd-x10-p7-40-r-n-c-n,MyActuator,RMD-X10-P7-40-R-N / -C-N,commercial,myactuator-m-0-32-0-3-30,myactuator-rmd-x10-p7-40-r-n-c-n-gbx,,yes,planetary 7:1,48,12,40,,170,190,215,1.15,71,53,,CAN BUS / RS485,575,,"RMD-X10-40_datasheet.pdf (MyActuator V3 download RMD-X10 1:7 V3.pdf, Apr 2024)","X10-40 (RMD-X10 V3, 1:7). RAW DATASHEET PDF gives rated 12 Nm @170 rpm, 215 W, overload x3, MOTOR Kt 0.32 Nm/A, motor Kv 30 rpm/V, R 0.3 ohm, L 0.13 mH, rotor inertia 5675 g.cm2. Peak 40 from model name. DISCREPANCY: AIFITLAB/website & existing DB row list rated 15 Nm / 265 W / 165 rpm - datasheet PDF differs. Dual encoder 14-bit in/out; backlash 7 arcmin; no brake. | url:https://www.myactuator.com/x10-40-details | datasheet:RMD-X10-40_datasheet.pdf"
myactuator-rmd-x10-p35-100-r-n-c-n,MyActuator,RMD-X10-P35-100-R-N / -C-N,commercial,,myactuator-rmd-x10-p35-100-r-n-c-n-gbx,,yes,planetary 35:1,48,50,100,,50,,265,1.70,71,74,,CAN BUS / RS485,,,"RMD-X10-100_datasheet.pdf (MyActuator V3 download RMD-X10-S2 V3.pdf, Apr 2024)","X10-100 (RMD-X10-S2 V3). RAW DATASHEET: rated 50 Nm @50 rpm, peak 100 Nm, 265 W, eff 82%. Torque const / phase R not listed in datasheet table (blank, not guessed). Input encoder 16-bit / output 14-bit; back-drive 2.88 Nm; backlash 15 arcmin; inertia 198.6 kg.cm2; axial 1625 N / radial 2250 N; no brake (brake customizable). Matches existing DB row. | url:https://www.myactuator.com/x10-100-details | datasheet:RMD-X10-100_datasheet.pdf"
myactuator-eps-rh-11-80-c-n-d,MyActuator,EPS-RH-11-80-C-N-D,commercial,myactuator-m-3-65-2-7-12,myactuator-eps-rh-11-80-c-n-d-gbx,,yes,harmonic 80:1,24,5,21,,25,40,13,0.38,52,73,,CAN BUS,,3.65,https://dings-motion.squarespace.com/s/MyActuator-2025-product-manual.pdf (2025 catalog p35-36),"RH-11 (smallest harmonic; 80:1 only, CAN only). Module (output) Kt 3.65 Nm/A. L 0.47 mH; backlash <40 arcsec; dual encoder ABS-14BIT(in)/ABS-17BIT(out); standard without brake; IP54 optional. Currents A(rms). Stall: 21 Nm@5s. | url:https://www.myactuator.com/rh-harmonicmotor | datasheet:MyActuator-2025-product-manual.pdf"
myactuator-eps-rh-14-100-e-n-d,MyActuator,EPS-RH-14-100-E-N-D,commercial,myactuator-m-4-0-62-19-2,myactuator-eps-rh-14-100-e-n-d-gbx,,yes,harmonic 100:1,48,11,28,,25,30,28,0.78,64,81.7,,CAN BUS / EtherCAT,,4,https://dings-motion.squarespace.com/s/MyActuator-2025-product-manual.pdf (2025 catalog p37-38),"RH-14, 100:1 (standard only without brake). Module (output) Kt 4 Nm/A. 50:1 variant also offered: rated 5.5 / peak 14 Nm, 50 rpm, Kt 2 Nm/A. L 0.43 mH; backlash <40 arcsec; dual encoder ABS-17BIT/17BIT; IP54 optional. Currents A(rms). Stall: 27.5 Nm@8s. | url:https://www.myactuator.com/rh-14details | datasheet:MyActuator-2025-product-manual.pdf"
myactuator-eps-rh-17-lite-100-c-n-d,MyActuator,EPS-RH-17-Lite-100-C-N-D,commercial,myactuator-m-5-17-0-94-12-00,myactuator-eps-rh-17-lite-100-c-n-d-gbx,,yes,harmonic 100:1,24,26,65,,20,25,55,0.8,70,77,,CAN BUS,,5.17,https://dings-motion.squarespace.com/s/MyActuator-2025-product-manual.pdf (2025 catalog p39-40),"RH-17 Lite (distinct low-cost 17 harmonic; 100:1, CAN only). Module (output) Kt 5.17 Nm/A. L 0.41 mH; backlash <40 arcsec; dual encoder ABS-14BIT/ABS-17BIT; without brake. Currents A(rms). Stall: 65 Nm@5s. | url:https://www.myactuator.com/rh-17details | datasheet:MyActuator-2025-product-manual.pdf"
myactuator-eps-rh-17-100-e-n-d,MyActuator,EPS-RH-17-100-E-N-D,commercial,myactuator-m-7-4-0-7-19-2,myactuator-eps-rh-17-100-e-n-d-gbx,,yes,harmonic 100:1,48,35,54,,25,30,91,1.11,74,90.2,,CAN BUS / EtherCAT,869,7.4,https://dings-motion.squarespace.com/s/MyActuator-2025-product-manual.pdf (2025 catalog p41-42),"RH-17, 100:1. Module (output) Kt 7.4 Nm/A. Brake variant EPS-RH-17-100-E-B-D: 1.28 kg, length 104 mm. 50:1 variant: rated 17.5 / peak 27 Nm, 50 rpm, Kt 3.7 Nm/A. L 0.47 mH; backlash <40 arcsec; dual encoder ABS-17BIT/17BIT; IP54 optional. Currents A(rms). Stall: 87.5 Nm@8s. | url:https://www.myactuator.com/rh-17details | datasheet:MyActuator-2025-product-manual.pdf"
myactuator-eps-rh-20-100-e-n-d,MyActuator,EPS-RH-20-100-E-N-D,commercial,myactuator-m-7-3-0-36-19-2,myactuator-eps-rh-20-100-e-n-d-gbx,,yes,harmonic 100:1,48,50,80,,25,30,130,1.45,84,82.9,,CAN BUS / EtherCAT,,7.3,https://dings-motion.squarespace.com/s/MyActuator-2025-product-manual.pdf (2025 catalog p43-44),"RH-20, 100:1. Module (output) Kt 7.3 Nm/A. Brake variant -E-B-D: 1.75 kg, length 97.4 mm. 50:1 variant: rated 25 / peak 40 Nm, 50 rpm, Kt 3.65 Nm/A. L 0.51 mH; backlash <40 arcsec; dual encoder ABS-17BIT/17BIT; IP54 optional. Currents A(rms). Stall: 125 Nm@8s. | url:https://www.myactuator.com/rh-20details | datasheet:MyActuator-2025-product-manual.pdf"
myactuator-eps-rh-25-100-e-n-d,MyActuator,EPS-RH-25-100-E-N-D,commercial,myactuator-m-10-1-0-16-19-2,myactuator-eps-rh-25-100-e-n-d-gbx,,yes,harmonic 100:1,48,108,157,,25,30,282,2.42,102,88.5,,CAN BUS / EtherCAT,1196,10.1,https://dings-motion.squarespace.com/s/MyActuator-2025-product-manual.pdf (2025 catalog p45-46),"RH-25, 100:1. Module (output) Kt 10.1 Nm/A. Brake variant -E-B-D: 2.74 kg, length 105.2 mm. 50:1 variant: rated 54 / peak 78.5 Nm, 50 rpm, Kt 5.05 Nm/A. L 0.33 mH; backlash <40 arcsec; dual encoder ABS-17BIT/17BIT; IP54 optional. Currents A(rms). Stall: 256 Nm@5s. | url:https://www.myactuator.com/rh-25details | datasheet:MyActuator-2025-product-manual.pdf"
myactuator-eps-rh-32-100-e-n-d,MyActuator,EPS-RH-32-100-E-N-D,commercial,myactuator-m-6-9-0-08-26-7,myactuator-eps-rh-32-100-e-n-d-gbx,,yes,harmonic 100:1,48,150,229,,18,20,282,4.32,132,108.4,,CAN BUS / EtherCAT,,6.9,https://dings-motion.squarespace.com/s/MyActuator-2025-product-manual.pdf (2025 catalog p47-48),"RH-32, 100:1 (largest direct-sale harmonic). Module (output) Kt 6.9 Nm/A. Brake variant -E-B-D: 4.74 kg, length 125.3 mm. 50:1 variant: rated 75 / peak 114.5 Nm, 36 rpm, Kt 3.45 Nm/A. L 0.18 mH; backlash <40 arcsec; dual encoder ABS-17BIT/17BIT; IP54 optional. Currents A(rms). Stall: 270 Nm@5s. | url:https://www.myactuator.com/rh-32details | datasheet:MyActuator-2025-product-manual.pdf"
myactuator-rmd-l-4005,MyActuator,RMD-L-4005,commercial,,,,yes,direct drive (no gearbox),12-24,,0.25,,,,,,40,,,CAN BUS / RS485,,,https://www.dingsmotionusa.com/rmd-l-4005 ; https://www.myactuator.com/l-4005-details,"L-4005 gimbal/direct-drive BLDC (KV variant -25T). Only peak torque 0.25 Nm published on distributor pages; rated torque/speed/Kt/R not obtained (left blank, not guessed). 18-bit magnetic encoder. | url:https://www.myactuator.com/l-4005-details"
myactuator-rmd-l-4010,MyActuator,RMD-L-4010,commercial,,,,yes,direct drive (no gearbox),12-24,,0.33,,,,,,40,,,CAN BUS / RS485,,,https://www.dingsmotionusa.com/rmd-l-4010 ; https://www.myactuator.com/l-4010-details,"L-4010 direct-drive BLDC. Only peak torque 0.33 Nm published; other params not obtained (blank, not guessed). | url:https://www.myactuator.com/l-4010-details"
myactuator-rmd-l-4015,MyActuator,RMD-L-4015,commercial,,,,yes,direct drive (no gearbox),16,0.22,0.49,,520,,100,0.12,39.6,33,,CAN BUS / RS485,,,Amazon RMD-L-4015-20T listing + https://www.dingsmotionusa.com/rmd-l-collection,"L-4015 (KV variant -20T). Rated 0.22 / peak 0.49 Nm, 520 rpm, nominal 100 W, 16 V, 120 g, size 39.6 x 33 mm. Direct drive; 18-bit encoder. Kt/Kv/R not published. | url:https://www.myactuator.com/l-4015-details"
myactuator-rmd-l-5005,MyActuator,RMD-L-5005,commercial,,,,yes,direct drive (no gearbox),16,0.13,0.42,,1360,,100,0.092,50,,,CAN BUS / RS485,,,https://www.dingsmotionusa.com/rmd-l-collection,"L-5005 direct-drive. Rated 0.13 / peak 0.42 Nm, 1360 rpm, 16 V, 92 g, MC100 (100 W) drive. Kt/Kv/R not obtained. | url:https://www.myactuator.com/l-5005-details"
myactuator-rmd-l-5010,MyActuator,RMD-L-5010,commercial,,,,yes,direct drive (no gearbox),16,0.26,0.65,,600,,100,0.135,50,,,CAN BUS / RS485,,,https://www.dingsmotionusa.com/rmd-l-collection,"L-5010 (KV variant -35T) direct-drive. Rated 0.26 / peak 0.65 Nm, 600 rpm, 16 V, 135 g, MC100 (100 W). Kt/Kv/R not obtained. | url:https://www.myactuator.com/l-5010-details"
myactuator-rmd-l-5015,MyActuator,RMD-L-5015,commercial,,,,yes,direct drive (no gearbox),16,0.36,0.82,,350,,100,0.174,50,,,CAN BUS / RS485,,,https://www.dingsmotionusa.com/rmd-l-collection ; Amazon RMD-L-5015-10T,"L-5015 (KV variant -10T) direct-drive. Rated 0.36 / peak 0.82 Nm, 350 rpm, 16 V, 174 g, MC100 (100 W). 18-bit encoder. Kt/Kv/R not obtained. | url:https://www.myactuator.com/l-5015-details"
myactuator-rmd-l-7015,MyActuator,RMD-L-7015,commercial,myactuator-m-0-28-1-14-34,,,yes,direct drive (no gearbox),24,1,3.8,,580,805,200,0.36,70,,,CAN BUS / RS485,,,https://rcdrone.top/products/myactuator-l-7015-bldc-servo-motor ; https://www.dingsmotionusa.com/rmd-l-7015,"L-7015 (KV variant -23T) direct-drive. Rated 1 / peak 3.8 Nm, 580 rpm (max 805), 200 W, 24 V, 360 g. Kt 0.28 Nm/A & Kv 34 rpm/V (motor, self-consistent Kt*Kv=9.5). 18-bit magnetic encoder. | url:https://www.myactuator.com/l-7015-details"
myactuator-rmd-l-7025,MyActuator,RMD-L-7025,commercial,,,,yes,direct drive (no gearbox),24,1.6,4.1,,280,,200,0.54,70,,,CAN BUS / RS485,,,https://www.dingsmotionusa.com/rmd-l-7025 ; RobotShop RMD-L-7025-28T,"L-7025 (KV variant -28T) direct-drive. Rated 1.6 / peak 4.1 Nm, 280 rpm, 200 W, 24 V, 540 g. Kt/Kv/R not obtained (rcdrone page 404). | url:https://www.myactuator.com/l-7025-details"
myactuator-rmd-l-9015,MyActuator,RMD-L-9015,commercial,myactuator-m-0-45-1-51-21,,,yes,direct drive (no gearbox),24,1.67,5,,290,500,200,0.65,90,,,CAN BUS / RS485,,,https://rcdrone.top/products/myactuator-l-9015-direct-drive-bldc-servo-motor ; https://www.dingsmotionusa.com/rmd-l-9015,"L-9015 (KV variant -16T) direct-drive. Rated 1.67 / peak 5 Nm, 290 rpm (max 500), 200 W, 24 V, 650 g. Kt 0.45 Nm/A & Kv 21 rpm/V (motor). L 1.05 mH; rotor inertia 3271 g.cm2; 14-bit encoder. (Amazon lists 1.64 Nm variant.) | url:https://www.myactuator.com/l-9015-details"
myactuator-rmd-l-9025,MyActuator,RMD-L-9025,commercial,myactuator-m-0-76-1-9-12,,,yes,direct drive (no gearbox),24,2.79,5.8,,130,280,200,0.88,90,,,CAN BUS / RS485,,,https://rcdrone.top/products/myactuator-l-9025-direct-drive-bldc-servo-motor ; https://www.dingsmotionusa.com/rmd-l-9025,"L-9025 direct-drive (largest RMD-L). Rated 2.79 / peak 5.8 Nm, 130 rpm (max 280), 200 W, 24 V, 880 g. Kt 0.76 Nm/A & Kv 12 rpm/V (motor). 14-bit encoder; control precision 0.001 deg. | url:https://www.myactuator.com/l-9025-details"
zeroerr-erob70f-14-50,ZeroErr,eRob70F (14-50),commercial,zeroerr-m-0-134-3-87-8,zeroerr-erob70f-14-50-gbx,,yes,strain wave 50:1,48,3.7,12,23,,60,75,0.77,70,60.4,IP54,EtherCAT / CANopen / Modbus,,0.134,https://www.zeroerr.com/rotary_actuators/erob70f ; UM V3.42 (eRob_User_Manual_V3.42.pdf),"Ultra-flat. Avg-load torque=4.8Nm. Motor V3_MC2 16-pole: motor rated 0.24Nm@3000rpm, L 2.54mH. Module rated I 1.91A (Table 3-1). Enc 19-bit. Peak_Torque_Nm=peak start/stop torque; Max_Momentary=permissible max momentary torque. | url:https://www.zeroerr.com/rotary_actuators/erob70f | datasheet:eRob_i-type_parameter_sheet.pdf"
zeroerr-erob70f-14-80,ZeroErr,eRob70F (14-80),commercial,zeroerr-m-0-134-3-87-8,zeroerr-erob70f-14-80-gbx,,yes,strain wave 80:1,48,5.4,16,35,,37.5,75,0.77,70,60.4,IP54,EtherCAT / CANopen / Modbus,,0.134,https://www.zeroerr.com/rotary_actuators/erob70f ; UM V3.42 (eRob_User_Manual_V3.42.pdf),Ultra-flat. Avg-load torque=7.7Nm. Motor V3_MC2 16-pole. Module rated I 1.91A. Enc 19-bit. | url:https://www.zeroerr.com/rotary_actuators/erob70f | datasheet:eRob_i-type_parameter_sheet.pdf
zeroerr-erob70f-14-100,ZeroErr,eRob70F (14-100),commercial,zeroerr-m-0-134-3-87-8,zeroerr-erob70f-14-100-gbx,,yes,strain wave 100:1,48,5.4,19,35,,30,75,0.77,70,60.4,IP54,EtherCAT / CANopen / Modbus,,0.134,https://www.zeroerr.com/rotary_actuators/erob70f ; UM V3.42 (eRob_User_Manual_V3.42.pdf),Ultra-flat. Avg-load torque=7.7Nm. Motor V3_MC2 16-pole. Module rated I 1.91A. Enc 19-bit. New size not in existing DB. | url:https://www.zeroerr.com/rotary_actuators/erob70f | datasheet:eRob_i-type_parameter_sheet.pdf
zeroerr-erob70i-14-50,ZeroErr,eRob70i (14-50),commercial,zeroerr-m-0-132-2-0-8-3,zeroerr-erob70i-14-50-gbx,,yes,strain wave 50:1,48,7,23,46,,60,100,0.82,70,71,IP54,EtherCAT / CANopen / Modbus,,0.132,https://www.zeroerr.com/rotary_actuators/erob70i ; UM V3.42 (eRob_User_Manual_V3.42.pdf),"Avg-load torque=9Nm. Motor V4_MC2 16-pole (page lists actuator ver V5; no V5 in UM V3.42): 0.32Nm@3000rpm, L 2.46mH. Module rated I 2.55A. Earlier V3_MC1=10-pole Kt0.075/R1.75/Kv8.42/3.3A. Enc 19-bit. Matches existing DB. | url:https://www.zeroerr.com/rotary_actuators/erob70i | datasheet:eRob_i-type_parameter_sheet.pdf"
zeroerr-erob70i-14-80,ZeroErr,eRob70i (14-80),commercial,zeroerr-m-0-132-2-0-8-3,zeroerr-erob70i-14-80-gbx,,yes,strain wave 80:1,48,10,30,61,,37.5,100,0.82,70,71,IP54,EtherCAT / CANopen / Modbus,,0.132,https://www.zeroerr.com/rotary_actuators/erob70i ; UM V3.42 (eRob_User_Manual_V3.42.pdf),Avg-load torque=14Nm. Motor V4_MC2 16-pole. Module rated I 2.55A. Enc 19-bit. Ratio not in existing DB. | url:https://www.zeroerr.com/rotary_actuators/erob70i | datasheet:eRob_i-type_parameter_sheet.pdf
zeroerr-erob70i-14-100,ZeroErr,eRob70i (14-100),commercial,zeroerr-m-0-132-2-0-8-3,zeroerr-erob70i-14-100-gbx,,yes,strain wave 100:1,48,10,36,70,,30,100,0.82,70,71,IP54,EtherCAT / CANopen / Modbus,,0.132,https://www.zeroerr.com/rotary_actuators/erob70i ; UM V3.42 (eRob_User_Manual_V3.42.pdf),Avg-load torque=14Nm. Motor V4_MC2 16-pole. Module rated I 2.55A. Enc 19-bit. Matches existing DB. | url:https://www.zeroerr.com/rotary_actuators/erob70i | datasheet:eRob_i-type_parameter_sheet.pdf
zeroerr-erob70i-14-120,ZeroErr,eRob70i (14-120),commercial,zeroerr-m-0-132-2-0-8-3,zeroerr-erob70i-14-120-gbx,,yes,strain wave 120:1,48,10,36,70,,25,100,0.82,70,71,IP54,EtherCAT / CANopen / Modbus,,0.132,https://www.zeroerr.com/rotary_actuators/erob70i ; UM V3.42 (eRob_User_Manual_V3.42.pdf),Avg-load torque=14Nm. Motor V4_MC2 16-pole. Module rated I 2.55A. Enc 19-bit. Ratio not in existing DB. | url:https://www.zeroerr.com/rotary_actuators/erob70i | datasheet:eRob_i-type_parameter_sheet.pdf
zeroerr-erob80f-17-50,ZeroErr,eRob80F (17-50),commercial,zeroerr-m-0-126-1-362-8-36,zeroerr-erob80f-17-50-gbx,,yes,strain wave 50:1,48,11,23,48,,60,126,0.89,80,57.5,IP54,EtherCAT / CANopen / Modbus,,0.126,https://www.zeroerr.com/rotary_actuators/erob80f ; UM V3.42 (eRob_User_Manual_V3.42.pdf),"Flat. Avg-load torque=18Nm. Motor V4_MC2 16-pole: 0.4Nm@3000rpm, L 1.362mH. Module rated I 3.5A (Table 3-1). Enc 19-bit. Only 2 ratios offered (50,100). Matches existing DB. | url:https://www.zeroerr.com/rotary_actuators/erob80f | datasheet:eRob_i-type_parameter_sheet.pdf"
zeroerr-erob80f-17-100,ZeroErr,eRob80F (17-100),commercial,zeroerr-m-0-126-1-362-8-36,zeroerr-erob80f-17-100-gbx,,yes,strain wave 100:1,48,16,37,71,,30,126,0.89,80,57.5,IP54,EtherCAT / CANopen / Modbus,,0.126,https://www.zeroerr.com/rotary_actuators/erob80f ; UM V3.42 (eRob_User_Manual_V3.42.pdf),Flat. Avg-load torque=27Nm. Motor V4_MC2 16-pole. Module rated I 3.5A. Enc 19-bit. Matches existing DB. | url:https://www.zeroerr.com/rotary_actuators/erob80f | datasheet:eRob_i-type_parameter_sheet.pdf
zeroerr-erob80i-17-50,ZeroErr,eRob80i (17-50),commercial,zeroerr-m-0-134-0-76-8-1,zeroerr-erob80i-17-50-gbx,,yes,strain wave 50:1,48,21,44,91,,60,126,1.03,80,64.2,IP54,EtherCAT / CANopen / Modbus,,0.134,https://www.zeroerr.com/rotary_actuators/erob80i ; UM V3.42 (eRob_User_Manual_V3.42.pdf),"Avg-load torque=34Nm. Motor V5_MC2 16-pole (page now V6; no V6 in UM V3.42): 0.45Nm@3100rpm, L 1.32mH. Motor rated power 146W in UM vs 126W on page. Module rated I 4.1A (Table 3-1). Earlier V3_MC1=10-pole Kt0.101/R0.7/200W. Enc 19-bit. Matches existing DB. | url:https://www.zeroerr.com/rotary_actuators/erob80i | datasheet:eRob_i-type_parameter_sheet.pdf"
zeroerr-erob80i-17-80,ZeroErr,eRob80i (17-80),commercial,zeroerr-m-0-134-0-76-8-1,zeroerr-erob80i-17-80-gbx,,yes,strain wave 80:1,48,29,56,113,,37.5,126,1.03,80,64.2,IP54,EtherCAT / CANopen / Modbus,,0.134,https://www.zeroerr.com/rotary_actuators/erob80i ; UM V3.42 (eRob_User_Manual_V3.42.pdf),Avg-load torque=35Nm. Motor V5_MC2 16-pole. Module rated I 4.1A. Enc 19-bit. Ratio not in existing DB. | url:https://www.zeroerr.com/rotary_actuators/erob80i | datasheet:eRob_i-type_parameter_sheet.pdf
zeroerr-erob80i-17-100,ZeroErr,eRob80i (17-100),commercial,zeroerr-m-0-134-0-76-8-1,zeroerr-erob80i-17-100-gbx,,yes,strain wave 100:1,48,31,70,143,,30,126,1.03,80,64.2,IP54,EtherCAT / CANopen / Modbus,,0.134,https://www.zeroerr.com/rotary_actuators/erob80i ; UM V3.42 (eRob_User_Manual_V3.42.pdf),Avg-load torque=51Nm. Motor V5_MC2 16-pole. Module rated I 4.1A. Enc 19-bit. Matches existing DB. | url:https://www.zeroerr.com/rotary_actuators/erob80i | datasheet:eRob_i-type_parameter_sheet.pdf
zeroerr-erob80i-17-120,ZeroErr,eRob80i (17-120),commercial,zeroerr-m-0-134-0-76-8-1,zeroerr-erob80i-17-120-gbx,,yes,strain wave 120:1,48,31,70,112,,25,126,1.03,80,64.2,IP54,EtherCAT / CANopen / Modbus,,0.134,https://www.zeroerr.com/rotary_actuators/erob80i ; UM V3.42 (eRob_User_Manual_V3.42.pdf),"Avg-load torque=51Nm. Motor V5_MC2 16-pole. Module rated I 4.1A. Enc 19-bit. NOTE raw anomaly: page lists max momentary 112Nm for 17-120, LOWER than 17-100 (143Nm) - captured as shown. Ratio not in existing DB. | url:https://www.zeroerr.com/rotary_actuators/erob80i | datasheet:eRob_i-type_parameter_sheet.pdf"
zeroerr-erob90i-20-50,ZeroErr,eRob90i (20-50),commercial,zeroerr-m-0-14-0-31-8-3,zeroerr-erob90i-20-50-gbx,,yes,strain wave 50:1,48,33,73,127,,60,314,1.506,90,75.9,IP54,EtherCAT / CANopen / Modbus,1218,0.14,https://www.zeroerr.com/rotary_actuators/erob90i ; UM V3.42 (eRob_User_Manual_V3.42.pdf),"Avg-load torque=44Nm. Motor V3_MC2 16-pole (page now V6=314W; UM V3.42 tops at V3_MC2=293W): 0.85Nm@3300rpm, L 0.86mH. Module rated I 6.7A. Earlier V3_MC1=10-pole Kt0.088/R0.22/400W. Encoder 19/20-bit; hollow bore 18mm; with-brake wt 1.639kg. Matches existing DB. | url:https://www.zeroerr.com/rotary_actuators/erob90i | datasheet:eRob_i-type_parameter_sheet.pdf"
zeroerr-erob90i-20-80,ZeroErr,eRob90i (20-80),commercial,zeroerr-m-0-14-0-31-8-3,zeroerr-erob90i-20-80-gbx,,yes,strain wave 80:1,48,44,96,165,,37.5,314,1.506,90,75.9,IP54,EtherCAT / CANopen / Modbus,1218,0.14,https://www.zeroerr.com/rotary_actuators/erob90i ; UM V3.42 (eRob_User_Manual_V3.42.pdf),Avg-load torque=61Nm. Motor V3_MC2 16-pole. Module rated I 6.7A. Enc 19/20-bit. Ratio not in existing DB. | url:https://www.zeroerr.com/rotary_actuators/erob90i | datasheet:eRob_i-type_parameter_sheet.pdf
zeroerr-erob90i-20-100,ZeroErr,eRob90i (20-100),commercial,zeroerr-m-0-14-0-31-8-3,zeroerr-erob90i-20-100-gbx,,yes,strain wave 100:1,48,52,107,191,,30,314,1.506,90,75.9,IP54,EtherCAT / CANopen / Modbus,1218,0.14,https://www.zeroerr.com/rotary_actuators/erob90i ; UM V3.42 (eRob_User_Manual_V3.42.pdf),Avg-load torque=64Nm. Motor V3_MC2 16-pole. Module rated I 6.7A. Enc 19/20-bit. Matches existing DB. | url:https://www.zeroerr.com/rotary_actuators/erob90i | datasheet:eRob_i-type_parameter_sheet.pdf
zeroerr-erob90i-20-120,ZeroErr,eRob90i (20-120),commercial,zeroerr-m-0-14-0-31-8-3,zeroerr-erob90i-20-120-gbx,,yes,strain wave 120:1,48,52,113,191,,25,314,1.506,90,75.9,IP54,EtherCAT / CANopen / Modbus,1218,0.14,https://www.zeroerr.com/rotary_actuators/erob90i ; UM V3.42 (eRob_User_Manual_V3.42.pdf),Avg-load torque=64Nm. Motor V3_MC2 16-pole. Module rated I 6.7A. Enc 19/20-bit. Ratio not in existing DB. | url:https://www.zeroerr.com/rotary_actuators/erob90i | datasheet:eRob_i-type_parameter_sheet.pdf
zeroerr-erob110i-25-50,ZeroErr,eRob110i (25-50),commercial,zeroerr-m-0-134-0-084-8-1,zeroerr-erob110i-25-50-gbx,,yes,strain wave 50:1,48,51,127,242,,60,723,2.57,110,80.2,IP54,EtherCAT / CANopen / Modbus,1270,0.134,https://www.zeroerr.com/rotary_actuators/erob110i ; UM V3.42 (eRob_User_Manual_V3.42.pdf),"Avg-load torque=72Nm. Motor V6_MC2 16-pole (current-gen, 723W matches page): 2.3Nm@3000rpm, L 0.16mH. Module rated I 18.6A (Table 3-1). With-brake wt 2.68kg. Enc 19-bit. Matches existing DB. | url:https://www.zeroerr.com/rotary_actuators/erob110i | datasheet:eRob_i-type_parameter_sheet.pdf"
zeroerr-erob110i-25-80,ZeroErr,eRob110i (25-80),commercial,zeroerr-m-0-134-0-084-8-1,zeroerr-erob110i-25-80-gbx,,yes,strain wave 80:1,48,82,178,332,,37.5,723,2.57,110,80.2,IP54,EtherCAT / CANopen / Modbus,1270,0.134,https://www.zeroerr.com/rotary_actuators/erob110i ; UM V3.42 (eRob_User_Manual_V3.42.pdf),Avg-load torque=113Nm. Motor V6_MC2 16-pole. Module rated I 18.6A. Enc 19-bit. Ratio not in existing DB. | url:https://www.zeroerr.com/rotary_actuators/erob110i | datasheet:eRob_i-type_parameter_sheet.pdf
zeroerr-erob110i-25-100,ZeroErr,eRob110i (25-100),commercial,zeroerr-m-0-134-0-084-8-1,zeroerr-erob110i-25-100-gbx,,yes,strain wave 100:1,48,87,204,369,,30,723,2.57,110,80.2,IP54,EtherCAT / CANopen / Modbus,1270,0.134,https://www.zeroerr.com/rotary_actuators/erob110i ; UM V3.42 (eRob_User_Manual_V3.42.pdf),Avg-load torque=140Nm. Motor V6_MC2 16-pole. Module rated I 18.6A. Enc 19-bit. Matches existing DB. | url:https://www.zeroerr.com/rotary_actuators/erob110i | datasheet:eRob_i-type_parameter_sheet.pdf
zeroerr-erob110i-25-120,ZeroErr,eRob110i (25-120),commercial,zeroerr-m-0-134-0-084-8-1,zeroerr-erob110i-25-120-gbx,,yes,strain wave 120:1,48,87,217,395,,25,723,2.57,110,80.2,IP54,EtherCAT / CANopen / Modbus,1270,0.134,https://www.zeroerr.com/rotary_actuators/erob110i ; UM V3.42 (eRob_User_Manual_V3.42.pdf),Avg-load torque=140Nm. Motor V6_MC2 16-pole. Module rated I 18.6A. Enc 19-bit. Ratio not in existing DB. | url:https://www.zeroerr.com/rotary_actuators/erob110i | datasheet:eRob_i-type_parameter_sheet.pdf
zeroerr-erob110i-25-160,ZeroErr,eRob110i (25-160),commercial,zeroerr-m-0-134-0-084-8-1,zeroerr-erob110i-25-160-gbx,,yes,strain wave 160:1,48,87,229,408,,18.75,723,2.57,110,80.2,IP54,EtherCAT / CANopen / Modbus,1270,0.134,https://www.zeroerr.com/rotary_actuators/erob110i ; UM V3.42 (eRob_User_Manual_V3.42.pdf),Avg-load torque=140Nm. Motor V6_MC2 16-pole. Module rated I 18.6A. Enc 19-bit. Matches existing DB. | url:https://www.zeroerr.com/rotary_actuators/erob110i | datasheet:eRob_i-type_parameter_sheet.pdf
zeroerr-erob142i-32-50,ZeroErr,eRob142i (32-50),commercial,zeroerr-m-0-153-0-069-12-2,zeroerr-erob142i-32-50-gbx,,yes,strain wave 50:1,48,99,281,497,,40,1000,6.49,142,133.9,IP54,EtherCAT / CANopen / Modbus,1340,0.153,https://www.zeroerr.com/rotary_actuators/erob142i ; UM V3.42 (eRob_User_Manual_V3.42.pdf),"Avg-load torque=140Nm. Motor V3_MC1 10-pole (matches Table 3-1 26A): 4.78Nm@2000rpm, L 0.37mH. Alt V4_MC2=Kt0.22/Kv13.5/R0.059/22A/71Apk. Module rated I 26A. Enc 19-bit. Matches existing DB. | url:https://www.zeroerr.com/rotary_actuators/erob142i | datasheet:eRob_i-type_parameter_sheet.pdf"
zeroerr-erob142i-32-80,ZeroErr,eRob142i (32-80),commercial,zeroerr-m-0-153-0-069-12-2,zeroerr-erob142i-32-80-gbx,,yes,strain wave 80:1,48,153,395,738,,25,1000,6.49,142,133.9,IP54,EtherCAT / CANopen / Modbus,1340,0.153,https://www.zeroerr.com/rotary_actuators/erob142i ; UM V3.42 (eRob_User_Manual_V3.42.pdf),Avg-load torque=217Nm. Motor V3_MC1 10-pole. Module rated I 26A. Enc 19-bit. Ratio not in existing DB. | url:https://www.zeroerr.com/rotary_actuators/erob142i | datasheet:eRob_i-type_parameter_sheet.pdf
zeroerr-erob142i-32-100,ZeroErr,eRob142i (32-100),commercial,zeroerr-m-0-153-0-069-12-2,zeroerr-erob142i-32-100-gbx,,yes,strain wave 100:1,48,178,433,841,,20,1000,6.49,142,133.9,IP54,EtherCAT / CANopen / Modbus,1340,0.153,https://www.zeroerr.com/rotary_actuators/erob142i ; UM V3.42 (eRob_User_Manual_V3.42.pdf),Avg-load torque=281Nm. Motor V3_MC1 10-pole. Module rated I 26A. Enc 19-bit. Matches existing DB. | url:https://www.zeroerr.com/rotary_actuators/erob142i | datasheet:eRob_i-type_parameter_sheet.pdf
zeroerr-erob142i-32-120,ZeroErr,eRob142i (32-120),commercial,zeroerr-m-0-153-0-069-12-2,zeroerr-erob142i-32-120-gbx,,yes,strain wave 120:1,48,178,459,892,,16.7,1000,6.49,142,133.9,IP54,EtherCAT / CANopen / Modbus,1340,0.153,https://www.zeroerr.com/rotary_actuators/erob142i ; UM V3.42 (eRob_User_Manual_V3.42.pdf),Avg-load torque=281Nm. Motor V3_MC1 10-pole. Module rated I 26A. Enc 19-bit. Ratio not in existing DB. | url:https://www.zeroerr.com/rotary_actuators/erob142i | datasheet:eRob_i-type_parameter_sheet.pdf
zeroerr-erob142i-32-160,ZeroErr,eRob142i (32-160),commercial,zeroerr-m-0-153-0-069-12-2,zeroerr-erob142i-32-160-gbx,,yes,strain wave 160:1,48,178,484,892,,12.5,1000,6.49,142,133.9,IP54,EtherCAT / CANopen / Modbus,1340,0.153,https://www.zeroerr.com/rotary_actuators/erob142i ; UM V3.42 (eRob_User_Manual_V3.42.pdf),Avg-load torque=281Nm. Motor V3_MC1 10-pole. Module rated I 26A. Enc 19-bit. Matches existing DB. | url:https://www.zeroerr.com/rotary_actuators/erob142i | datasheet:eRob_i-type_parameter_sheet.pdf
zeroerr-erob170i-40-50,ZeroErr,eRob170i (40-50),commercial,zeroerr-m-0-153-0-069-12-2,zeroerr-erob170i-40-50-gbx,,yes,strain wave 50:1,48,137,402,686,,40,1000,9.29,170,144.9,IP54,EtherCAT / CANopen / Modbus,2015,0.153,https://www.zeroerr.com/rotary_actuators/erob170i ; UM V3.42 (eRob_User_Manual_V3.42.pdf),NEW size not in existing DB. Avg-load torque=196Nm. Motor 10-pole 1000W@2000rpm (same motor as 142i). Version uncertain: listed=V3_MC1 (Kt0.153/Kv12.2/R0.069/26A/56Apk); alt V3_MC2 (Kt0.22/Kv13.5/R0.059/22A/71Apk). Module rated I 45A (Table 3-1). Enc 19-bit. | url:https://www.zeroerr.com/rotary_actuators/erob170i | datasheet:eRob_i-type_parameter_sheet.pdf
zeroerr-erob170i-40-80,ZeroErr,eRob170i (40-80),commercial,zeroerr-m-0-153-0-069-12-2,zeroerr-erob170i-40-80-gbx,,yes,strain wave 80:1,48,206,519,980,,25,1000,9.29,170,144.9,IP54,EtherCAT / CANopen / Modbus,2015,0.153,https://www.zeroerr.com/rotary_actuators/erob170i ; UM V3.42 (eRob_User_Manual_V3.42.pdf),NEW size not in existing DB. Avg-load torque=284Nm. Motor 10-pole 1000W@2000rpm. Version uncertain (V3_MC1/V3_MC2). Module rated I 45A. Enc 19-bit. | url:https://www.zeroerr.com/rotary_actuators/erob170i | datasheet:eRob_i-type_parameter_sheet.pdf
zeroerr-erob170i-40-100,ZeroErr,eRob170i (40-100),commercial,zeroerr-m-0-153-0-069-12-2,zeroerr-erob170i-40-100-gbx,,yes,strain wave 100:1,48,265,568,1080,,20,1000,9.29,170,144.9,IP54,EtherCAT / CANopen / Modbus,2015,0.153,https://www.zeroerr.com/rotary_actuators/erob170i ; UM V3.42 (eRob_User_Manual_V3.42.pdf),NEW size not in existing DB. Avg-load torque=372Nm. Motor 10-pole 1000W@2000rpm. Version uncertain (V3_MC1/V3_MC2). Module rated I 45A. Enc 19-bit. | url:https://www.zeroerr.com/rotary_actuators/erob170i | datasheet:eRob_i-type_parameter_sheet.pdf
zeroerr-erob170i-40-120,ZeroErr,eRob170i (40-120),commercial,zeroerr-m-0-153-0-069-12-2,zeroerr-erob170i-40-120-gbx,,yes,strain wave 120:1,48,294,617,1180,,16.7,1000,9.29,170,144.9,IP54,EtherCAT / CANopen / Modbus,2015,0.153,https://www.zeroerr.com/rotary_actuators/erob170i ; UM V3.42 (eRob_User_Manual_V3.42.pdf),NEW size not in existing DB. Avg-load torque=451Nm. Motor 10-pole 1000W@2000rpm. Version uncertain (V3_MC1/V3_MC2). Module rated I 45A. Enc 19-bit. | url:https://www.zeroerr.com/rotary_actuators/erob170i | datasheet:eRob_i-type_parameter_sheet.pdf
zeroerr-erob170i-40-160,ZeroErr,eRob170i (40-160),commercial,zeroerr-m-0-153-0-069-12-2,zeroerr-erob170i-40-160-gbx,,yes,strain wave 160:1,48,294,647,1180,,12.5,1000,9.29,170,144.9,IP54,EtherCAT / CANopen / Modbus,2015,0.153,https://www.zeroerr.com/rotary_actuators/erob170i ; UM V3.42 (eRob_User_Manual_V3.42.pdf),NEW size not in existing DB. Avg-load torque=451Nm. Motor 10-pole 1000W@2000rpm. Version uncertain (V3_MC1/V3_MC2). Module rated I 45A. Enc 19-bit. | url:https://www.zeroerr.com/rotary_actuators/erob170i | datasheet:eRob_i-type_parameter_sheet.pdf
mab-robotics-ma-h,MAB Robotics,MA-H,commercial,,mab-robotics-ma-h-gbx,,yes,harmonic 50:1/80:1/100:1 strain-wave,12-48,,151,,,100,,0.54,73,62,IP66,CAN-FD / CANopen,1609,,MAB Robotics mabrobotics.pl fetched 2026-07-23,"Frameless BLDC + strain-wave gear + MD-series driver. Page publishes only a COMBINED RANGE: 'Torque 4-151 Nm (rated/peak)' and 'Max speed 35-100 RPM' spanning the 50:1/80:1/100:1 options; per-ratio rated/peak NOT split out. Recorded Peak=151 (top config, 100:1) and Max_Speed=100 (lowest ratio 50:1); rated left blank (not published per config). Accuracy <1.5 / repeatability +/-0.1 arcmin. 14-bit motor encoder + built-in ME-am output encoder; optional RLS AksIM-2 17-20bit output encoder; optional electromagnetic brake. Base config 1609 EUR; configs range up to 2449 EUR. | url:https://www.mabrobotics.pl/product-page/ma-h"
mab-robotics-ma-hs-h-ip66,MAB Robotics,MA-hs-h-IP66,commercial,,mab-robotics-ma-hs-h-ip66-gbx,,yes,harmonic 50:1 strain-wave,12-48,28,60,,,90,,1.25,102,91,IP66,CAN-FD / CANopen,2599,,MAB Robotics mabrobotics.pl fetched 2026-07-23,Hollow-shaft harmonic actuator. Torque 28/60 Nm (rated/peak); max speed 90 RPM; 1:50 strain-wave. Dual 17-bit absolute encoders (motor side + output shaft). Optional electromagnetic brake and/or slip ring for wires. Accuracy <1.5 / rep +/-0.1 arcmin. Config prices 2599 (base) / 2969 / 3299 EUR; schema.org headline Offer = 3299 (default/top variant). Rated power NOT published on page (existing DB listed 250W - unverified). Real product slug is ma-hs-ip66 (ma-hs-h-ip66 404s). | url:https://www.mabrobotics.pl/product-page/ma-hs-ip66
mab-robotics-ma-p-100-ip66-kv60,MAB Robotics,MA-p-100-IP66 (KV60),commercial,mab-robotics-m-x-x-60,mab-robotics-ma-p-100-ip66-kv60-gbx,,yes,planetary 9:1,12-48,18,48,,,228,,1.1,103,79.6,IP66,CAN-FD / CANopen,1559,,MAB Robotics mabrobotics.pl fetched 2026-07-23,"Planetary actuator, 9:1, backlash 9 arcmin (0.15 deg). KV60 motor winding: 18/48 Nm (rated/peak), 228 RPM max at 48V. Kv=60 taken from the 'KV60' winding-variant name (rpm/V, reference frame unstated). 14-bit motor encoder + built-in ME-am output encoder; options: MAB SLIM electromagnetic brake, RLS AksIM-2 17-20bit output encoder. 48VDC and 60VDC input versions. Cross-roller output bearing. Base 1559 EUR (configs to ~1898 EUR). | url:https://www.mabrobotics.pl/product-page/ma-p-100-ip66"
mab-robotics-ma-p-100-ip66-kv100,MAB Robotics,MA-p-100-IP66 (KV100),commercial,mab-robotics-m-x-x-100,mab-robotics-ma-p-100-ip66-kv100-gbx,,yes,planetary 9:1,12-48,15,38,,,421,,1.1,103,79.6,IP66,CAN-FD / CANopen,1559,,MAB Robotics mabrobotics.pl fetched 2026-07-23,"Same body/price as KV60 variant. KV100 motor winding: 15/38 Nm (rated/peak), 421 RPM max at 48V. Kv=100 from the 'KV100' winding-variant name (rpm/V, reference unstated). 9:1 planetary, backlash 9 arcmin. | url:https://www.mabrobotics.pl/product-page/ma-p-100-ip66"
mab-robotics-ma-p-100-30,MAB Robotics,MA-p-100-30,commercial,,mab-robotics-ma-p-100-30-gbx,,yes,planetary 30:1,12-48,50,150,,,96,,1.1,98,67,,CAN-FD / CANopen,897.56,,MAB Robotics mabrobotics.pl fetched 2026-07-23,"Planetary actuator 30:1, backlash 18 arcmin (0.3 deg). 50/150 Nm (rated/peak), 96 RPM max at 48V. Absolute encoder on motor side (before reduction) + additional absolute encoder on output shaft. 48VDC and 60VDC input versions. IP rating NOT stated on page. Cross-roller output bearing. 897.56 EUR (base; ~946.56 with brake, ~1376-1425 for 60V configs). Legacy URL slug ak10-30-cubemars-t-motor. | url:https://www.mabrobotics.pl/product-page/ak10-30-cubemars-t-motor"
mab-robotics-ma-p-45-10,MAB Robotics,MA-p-45-10,commercial,,mab-robotics-ma-p-45-10-gbx,,yes,planetary 10:1,12-48,2.5,7,,,300,,0.25,53,41.9,,CAN-FD / CANopen,303.41,,MAB Robotics mabrobotics.pl fetched 2026-07-23,"Compact planetary actuator 10:1, backlash 18 arcmin (0.3 deg). 2.5/7 Nm (rated/peak), 300 RPM max at 48V. 14-bit motor-side absolute encoder. IP not stated. ADDITIONAL find beyond original scope (smaller MA-p family). | url:https://www.mabrobotics.pl/product-page/ma-p-45-10"
mab-robotics-ma-p-45-36,MAB Robotics,MA-p-45-36,commercial,,mab-robotics-ma-p-45-36-gbx,,yes,planetary 36:1,12-48,8,24,,,80,,0.34,55,54.4,,CAN-FD / CANopen,357.26,,MAB Robotics mabrobotics.pl fetched 2026-07-23,"Planetary actuator 36:1, backlash 18 arcmin (0.3 deg). 8/24 Nm (rated/peak), 80 RPM max at 48V. 14-bit motor-side absolute encoder. IP not stated. ADDITIONAL find beyond original scope. | url:https://www.mabrobotics.pl/product-page/ma-p-45-36"
mab-robotics-ma-p-40-10,MAB Robotics,MA-p-40-10,commercial,,mab-robotics-ma-p-40-10-gbx,,yes,planetary 10:1,12-48,1.3,4.1,,,700,,0.17,53,35.9,,CAN-FD / CANopen,279.69,,MAB Robotics mabrobotics.pl fetched 2026-07-23,"Smallest MA-p planetary actuator 10:1, backlash 18 arcmin (0.3 deg). 1.3/4.1 Nm (rated/peak), 700 RPM max at 48V. 14-bit motor-side absolute encoder. IP not stated. ADDITIONAL find beyond original scope. | url:https://www.mabrobotics.pl/product-page/ma-p-40-10"
robstride-rs00,RobStride,RS00,commercial,robstride-m-1-48-x-9-5,robstride-rs00-gbx,,yes,10:1 planetary,24-60,5,14,,260,315,170,0.310,57,51,,CAN 1Mbps (CANopen),142.95,1.48,RobStride RS00 User Manual (github.com/RobStride/Product_Information); OpenELAB guide; AliExpress official store 1103506059,Rated V=48; square 57x57x51mm; dual 14-bit magnetic encoders; no-load current 0.5Arms; currents are Apk(peak); IP not stated on datasheet; rated load tested @100rpm; 28 poles | url:https://www.robstride.com/products/robStride00 | datasheet:datasheets/robstride-steadywin/robstride_RS00_user_manual.pdf
robstride-rs01,RobStride,RS01,commercial,robstride-m-1-22-0-58-9-6,robstride-rs01-gbx,,yes,7.75:1 planetary,24-48,6,17,,100,315,170,0.380,78.5,40,IP52 (IP67 option),CAN 1Mbps (CANopen),151.75,1.22,RobStride RS01 User Manual (github.com/RobStride/Product_Information); OpenELAB guide; AliExpress official store 1103506059,Rated V=36 (per OpenELAB); square 78.5x78.5x40mm; SINGLE 14-bit magnetic encoder; inductance 187-339uH; currents Apk(peak); 28 poles | url:https://www.robstride.com/products/robStride01 | datasheet:datasheets/robstride-steadywin/robstride_RS01_user_manual.pdf
robstride-rs02,RobStride,RS02,commercial,robstride-m-1-22-x-9-6,robstride-rs02-gbx,,yes,7.75:1 planetary,24-60,6,17,,360,410,170,0.405,78.5,45.5,IP52 (IP67 option),CAN 1Mbps (CANopen),164.95,1.22,RobStride RS02 User Manual (github.com/RobStride/Product_Information); OpenELAB guide; AliExpress official store 1103506059,Rated V=48; dual 14-bit magnetic encoders; IP67 variant available (separate manual RS02-IP67); currents Apk(peak); 28 poles | url:https://www.robstride.com/products/robStride02 | datasheet:datasheets/robstride-steadywin/robstride_RS02_user_manual.pdf
robstride-rs03,RobStride,RS03,commercial,robstride-m-2-36-0-39-17,robstride-rs03-gbx,,yes,9:1 planetary,24-60,20,60,,100,195,380,0.880,106,56,IP52 (IP67 option),CAN 1Mbps (CANopen),247.45,2.36,RobStride RS03 User Manual (github.com/RobStride/Product_Information); OpenELAB guide; AliExpress official store 1103506059,Rated V=48; manual voltage range 24-60V (OpenELAB lists 15-60V); dual magnetic encoders; back-EMF 17Vrms/kRPM; inductance 0.275mH; currents Apk(peak); 42 poles | url:https://www.robstride.com/products/robStride03 | datasheet:datasheets/robstride-steadywin/robstride_RS03_user_manual.pdf
robstride-rs04,RobStride,RS04,commercial,robstride-m-2-1-0-16-16-9,robstride-rs04-gbx,,yes,9:1 planetary,15-60,40,120,,167,200,700,1.420,120,56,IP52 (IP67 option),CAN 1Mbps (CANopen),280.45,2.1,RobStride RS04 User Manual (github.com/RobStride/Product_Information); OpenELAB guide; AliExpress official store 1103506059,Rated V=48; dual 14-bit magnetic encoders; no-load current 2Arms; inductance 0.211mH; currents Apk(peak); 42 poles | url:https://www.robstride.com/products/robStride04 | datasheet:datasheets/robstride-steadywin/robstride_RS04_user_manual.pdf
robstride-rs05,RobStride,RS05,commercial,robstride-m-0-94-x-7-4,robstride-rs05-gbx,,yes,7.75:1 planetary,15-60,1.6,5.5,,,480,,0.191,46,44,,CAN 1Mbps (CANopen),126.45,0.94,RobStride RS05 User Manual (github.com/RobStride/Product_Information); OpenELAB guide; AliExpress official store 1103506059,Rated V=48; dual 14-bit encoders; no-load 480rpm; rated load 1.6Nm tested @100rpm; no-load current 0.14Arms; rated power not published; currents Apk(peak); pole pairs not stated | url:https://www.robstride.com/products/robStride05 | datasheet:datasheets/robstride-steadywin/robstride_RS05_user_manual.pdf
robstride-rs06,RobStride,RS06,commercial,robstride-m-1-09-x-7-6,robstride-rs06-gbx,,yes,9:1 planetary,15-60,11,36,,,480,,0.621,88,49,,CAN 1Mbps (CANopen),230.95,1.09,RobStride RS06 User Manual (github.com/RobStride/Product_Information); OpenELAB guide; AliExpress official store 1103506059,Rated V=48; no-load 480rpm; rated load 11Nm tested @100rpm; no-load current 0.98Arms; rated power not published; currents Apk(peak); 28 poles | url:https://www.robstride.com/products/robStride06 | datasheet:datasheets/robstride-steadywin/robstride_RS06_user_manual.pdf
steadywin-gim3505-8,SteadyWin,GIM3505-8,commercial,steadywin-m-0-44-5-473-16-6667,steadywin-gim3505-8-gbx,,yes,8:1 planetary,12~40,0.67,1.79,,230,400,36.72,0.097,43,30,IP54,CAN&485,64.61,0.44,SteadyWin Planetary Reduction Motor Selection Table (official steadywin-motor.com document-download); reseller https://openelab.io/products/steadywin-gim3505-8-planetary-gear-motor,Rated V=24; dims/weight incl. driver; driver encoder 14bit; 2nd output-shaft encoder: NO; backlash 15arcmin; steel planetary gear; rated/peak current units per table ('A') | per-model PDF pack: datasheets/robstride-steadywin/steadywin_docs/Planetary Reduction Motor/GIM3505-8/ | url:https://steadywin-motor.com/products/gim3505-8 | datasheet:datasheets/robstride-steadywin/steadywin_planetary_reduction_motor_selection_table.xlsx
steadywin-gim3510-8,SteadyWin,GIM3510-8,commercial,steadywin-m-0-26-0-515-24-5,steadywin-gim3510-8-gbx,,yes,8:1 planetary,12~40,1,6.28,,534,588,79.2,0.2596,46,51.5,IP54,CAN&485,88.24,0.26,SteadyWin Planetary Reduction Motor Selection Table (official steadywin-motor.com document-download); reseller https://openelab.io/products/steadywin-gim3510-8-robot-gear-motor-reducer-planetary,Rated V=24; dims/weight incl. driver; driver encoder 14bit; 2nd output-shaft encoder: YES; backlash 15arcmin; steel planetary gear; rated/peak current units per table ('A') | url:https://steadywin-motor.com | datasheet:datasheets/robstride-steadywin/steadywin_planetary_reduction_motor_selection_table.xlsx
steadywin-gim3510-64,SteadyWin,GIM3510-64,commercial,steadywin-m-2-84-0-515-3-0833,steadywin-gim3510-64-gbx,,yes,64:1 planetary,12~40,9,50,,67,74,81.84,0.5072,46,77.5,IP54,CAN&485,126.52,2.84,SteadyWin Planetary Reduction Motor Selection Table (official steadywin-motor.com document-download); reseller https://openelab.io/products/steadywin-gim3510-64-compact-can-servo-for-robotics,Rated V=24; dims/weight incl. driver; driver encoder 14bit; 2nd output-shaft encoder: YES; backlash 15arcmin; steel planetary gear; rated/peak current units per table ('A') | url:https://steadywin-motor.com | datasheet:datasheets/robstride-steadywin/steadywin_planetary_reduction_motor_selection_table.xlsx
steadywin-gim4305-10,SteadyWin,GIM4305-10,commercial,steadywin-m-0-39-1-113-16-75,steadywin-gim4305-10-gbx,,yes,10:1 planetary,12~40,1.05,3.82,,312,402,52.32,0.15,53,32,IP54,CAN&485,,0.39,SteadyWin Planetary Reduction Motor Selection Table (official steadywin-motor.com document-download),Rated V=24; dims/weight incl. driver; driver encoder 14bit; 2nd output-shaft encoder: NO; backlash 15arcmin; steel planetary gear; rated/peak current units per table ('A') | url:https://steadywin-motor.com | datasheet:datasheets/robstride-steadywin/steadywin_planetary_reduction_motor_selection_table.xlsx
steadywin-gim4310-10,SteadyWin,GIM4310-10,commercial,steadywin-m-2-61-1-961-8-8333,steadywin-gim4310-10-gbx,,yes,10:1 planetary,12~40,1.63,7.98,,101,212,31.2,0.227,53,38,IP54,CAN&485,95.77,2.61,SteadyWin Planetary Reduction Motor Selection Table (official steadywin-motor.com document-download); reseller https://openelab.io/products/steadywin-gim4310-10-joint-motor,Rated V=24; dims/weight incl. driver; driver encoder 14bit; 2nd output-shaft encoder: NO; backlash 15arcmin; steel planetary gear; rated/peak current units per table ('A') | per-model PDF pack: datasheets/robstride-steadywin/steadywin_docs/Planetary Reduction Motor/GIM4310-10/ | url:https://steadywin-motor.com | datasheet:datasheets/robstride-steadywin/steadywin_planetary_reduction_motor_selection_table.xlsx
steadywin-gim4310-36,SteadyWin,GIM4310-36,commercial,steadywin-m-3-19-1-8596-2-675,steadywin-gim4310-36-gbx,,yes,36:1 planetary,12~40,6.24,25.43,,40,64.2,43.92,0.31,55,47,IP54,CAN&485,,3.19,SteadyWin Planetary Reduction Motor Selection Table (official steadywin-motor.com document-download),Rated V=24; dims/weight incl. driver; driver encoder 14bit; 2nd output-shaft encoder: NO; backlash 15arcmin; steel planetary gear; rated/peak current units per table ('A') | url:https://steadywin-motor.com | datasheet:datasheets/robstride-steadywin/steadywin_planetary_reduction_motor_selection_table.xlsx
steadywin-gim4310-40,SteadyWin,GIM4310-40,commercial,steadywin-m-1-7889-0-269-3-5833,steadywin-gim4310-40-gbx,,yes,40:1 planetary,12~40,8.5,30.59,,70,86,88.8,0.3645,57,56,IP54,CAN&485,,1.7889,SteadyWin Planetary Reduction Motor Selection Table (official steadywin-motor.com document-download),Rated V=24; dims/weight incl. driver; driver encoder 14bit; 2nd output-shaft encoder: YES; backlash 15arcmin; steel planetary gear; rated/peak current units per table ('A') | url:https://steadywin-motor.com | datasheet:datasheets/robstride-steadywin/steadywin_planetary_reduction_motor_selection_table.xlsx
steadywin-gim4315-8,SteadyWin,GIM4315-8,commercial,steadywin-m-0-96-1-5-16-875,steadywin-gim4315-8-gbx,,yes,8:1 planetary,12~40,1.6,14.25,,403,405,44.64,0.3715,57,58,IP54,CAN&485,68.57,0.96,SteadyWin Planetary Reduction Motor Selection Table (official steadywin-motor.com document-download); reseller https://openelab.io/products/steadywin-gim4315-8-brushless-actuator,Rated V=24; dims/weight incl. driver; driver encoder 14bit; 2nd output-shaft encoder: YES; backlash 15arcmin; steel planetary gear; rated/peak current units per table ('A') | url:https://steadywin-motor.com | datasheet:datasheets/robstride-steadywin/steadywin_planetary_reduction_motor_selection_table.xlsx
steadywin-gim6010-6,SteadyWin,GIM6010-6,commercial,steadywin-m-0-34-0-55-18-75,steadywin-gim6010-6-gbx,,yes,6:1 planetary,12~48,3.3,8,,320,450,232.8,0.318,76,35,IP54,CAN,,0.34,SteadyWin Planetary Reduction Motor Selection Table (official steadywin-motor.com document-download),"Rated V=24; dims/weight incl. driver; driver encoder 14bit; 2nd output-shaft encoder: NO; backlash 15arcmin; steel planetary gear; rated/peak current units per table ('A') | alt winding (48V): rated 1.8/peak 8.86 Nm, R=0.61 ohm, Kt=0.62, rated I=3.63 A | url:https://steadywin-motor.com/products/gim6010-6 | datasheet:datasheets/robstride-steadywin/steadywin_planetary_reduction_motor_selection_table.xlsx"
steadywin-gim6010-8,SteadyWin,GIM6010-8,commercial,steadywin-m-0-47-0-44-11-5417,steadywin-gim6010-8-gbx,,yes,8:1 planetary,12~56,5,11,,120,420,252,0.388,80,40,IP54,CAN,87.95,0.47,SteadyWin Planetary Reduction Motor Selection Table (official steadywin-motor.com document-download); reseller https://openelab.io/products/steadywin-gim6010-8-robot-motor,"Rated V=24; dims/weight incl. driver; driver encoder 16bit; 2nd output-shaft encoder: YES; backlash 15arcmin; steel planetary gear; rated/peak current units per table ('A') | alt winding (48V): rated 4.2/peak 11.27 Nm, R=0.44 ohm, Kt=0.65, rated I=2.87 A | per-model PDF pack: datasheets/robstride-steadywin/steadywin_docs/Planetary Reduction Motor/GIM6010-8/ | url:https://steadywin-motor.com/products/built-in-star-gear-motor-motor-robot-joint-driver-actuator-controller-motor | datasheet:datasheets/robstride-steadywin/steadywin_planetary_reduction_motor_selection_table.xlsx"
steadywin-gim6010-36,SteadyWin,GIM6010-36,commercial,steadywin-m-4-38-0-6-2-1875,steadywin-gim6010-36-gbx,,yes,36:1 planetary,12~48,18,41,,85,97,220.8,0.574,76,56.50,IP54,CAN,,4.38,SteadyWin Planetary Reduction Motor Selection Table (official steadywin-motor.com document-download),"Rated V=48; dims/weight incl. driver; driver encoder 14bit; 2nd output-shaft encoder: NO; backlash 15arcmin; steel planetary gear; rated/peak current units per table ('A') | alt winding (48V): rated 17.6/peak 52.48 Nm, R=0.6 ohm, Kt=4.3, rated I=4.38 A | url:https://steadywin-motor.com | datasheet:datasheets/robstride-steadywin/steadywin_planetary_reduction_motor_selection_table.xlsx"
steadywin-gim6010-48,SteadyWin,GIM6010-48,commercial,steadywin-m-4-53-0-42-1-9792,steadywin-gim6010-48-gbx,,yes,48:1 planetary,12~40,27,55.9,,38,49,156,0.7769,80,67.5,IP54,CAN & 485,,4.53,SteadyWin Planetary Reduction Motor Selection Table (official steadywin-motor.com document-download),"Rated V=24; dims/weight incl. driver; driver encoder 14bit; 2nd output-shaft encoder: YES; backlash 15arcmin; steel planetary gear; rated/peak current units per table ('A') | alt winding (48V): rated 26.2/peak 74.8 Nm, R=0.443 ohm, Kt=4.7, rated I=3.3 A | url:https://steadywin-motor.com | datasheet:datasheets/robstride-steadywin/steadywin_planetary_reduction_motor_selection_table.xlsx"
steadywin-gim8108-6,SteadyWin,GIM8108-6,commercial,steadywin-m-0-98-0-774-7-75,steadywin-gim8108-6-gbx,,yes,6:1 planetary,12~48,5.18,26.32,,336,372,223.2,0.567,96,41.5,IP54,CAN & 485,,0.98,SteadyWin Planetary Reduction Motor Selection Table (official steadywin-motor.com document-download),Rated V=48; dims/weight incl. driver; driver encoder 14bit; 2nd output-shaft encoder: YES; backlash 15arcmin; steel planetary gear; rated/peak current units per table ('A') | url:https://steadywin-motor.com/products/cheetah-quadruped-robot-dog-high-torque-brushless-reduce-gear-motor-exoskeleton-industrial-robot-arm | datasheet:datasheets/robstride-steadywin/steadywin_planetary_reduction_motor_selection_table.xlsx
steadywin-gim8108-8,SteadyWin,GIM8108-8,commercial,steadywin-m-1-0-67-6-0417,steadywin-gim8108-8-gbx,,yes,8:1 planetary,12~56,7.5,22,,110,320,336,0.396,92,55,IP54,CAN,97.85,1,SteadyWin Planetary Reduction Motor Selection Table (official steadywin-motor.com document-download); reseller https://openelab.io/products/steadywin-gim8108-8-robot-motor,"Rated V=48; dims/weight incl. driver; driver encoder 16bit; 2nd output-shaft encoder: YES; backlash 15arcmin; steel planetary gear; rated/peak current units per table ('A') | alt winding (48V): rated 6.71/peak 23.09 Nm, R=0.72 ohm, Kt=1.19, rated I=4.78 A | per-model PDF pack: datasheets/robstride-steadywin/steadywin_docs/Planetary Reduction Motor/GIM8108-8/ | url:https://steadywin-motor.com/products/planetary-reduction-motor-robot-dog-humanoid-robot-joint-module-flat-thin-large-torque | datasheet:datasheets/robstride-steadywin/steadywin_planetary_reduction_motor_selection_table.xlsx"
steadywin-gim8108-9,SteadyWin,GIM8108-9,commercial,steadywin-m-1-83-0-73-5-0417,steadywin-gim8108-9-gbx,,yes,9:1 planetary,12~48,8.19,27.38,,207,242,192,0.567,96,41.5,IP54,CAN,,1.83,SteadyWin Planetary Reduction Motor Selection Table (official steadywin-motor.com document-download),Rated V=48; dims/weight incl. driver; driver encoder 14bit; 2nd output-shaft encoder: NO; backlash 15arcmin; steel planetary gear; rated/peak current units per table ('A') | url:https://steadywin-motor.com/products/bipedal-wheeled-high-torque-mechanical-dog-assisted-rehabilitation-exoskeleton-system-high-precision-driver | datasheet:datasheets/robstride-steadywin/steadywin_planetary_reduction_motor_selection_table.xlsx
steadywin-gim8108-36,SteadyWin,GIM8108-36,commercial,steadywin-m-7-32-0-72-1-25,steadywin-gim8108-36-gbx,,yes,36:1 planetary,12~48,32.76,109.5,,51,60,192,0.76,96,57,IP54,CAN,,7.32,SteadyWin Planetary Reduction Motor Selection Table (official steadywin-motor.com document-download),"Rated V=48; dims/weight incl. driver; driver encoder 14bit; 2nd output-shaft encoder: NO; backlash 15arcmin; steel planetary gear; rated/peak current units per table ('A') | alt winding (48V): rated 25/peak 130.2 Nm, R=0.72 ohm, Kt=4, rated I=3.74 A | url:https://steadywin-motor.com | datasheet:datasheets/robstride-steadywin/steadywin_planetary_reduction_motor_selection_table.xlsx"
steadywin-gim8108-48,SteadyWin,GIM8108-48,commercial,steadywin-m-7-1-0-735-1-0625,steadywin-gim8108-48-gbx,,yes,48:1 planetary,12~36,35.5,133.5,,41,51,211.68,0.7804,92,73,IP54,CAN & 485,179.45,7.1,SteadyWin Planetary Reduction Motor Selection Table (official steadywin-motor.com document-download); reseller https://openelab.io/products/steadywin-gim8108-48-robot-actuator,Rated V=48; dims/weight incl. driver; driver encoder 14bit; 2nd output-shaft encoder: YES; backlash 15arcmin; steel planetary gear; rated/peak current units per table ('A') | url:https://steadywin-motor.com | datasheet:datasheets/robstride-steadywin/steadywin_planetary_reduction_motor_selection_table.xlsx
steadywin-gim8115-6,SteadyWin,GIM8115-6,commercial,steadywin-m-0-67-0-364-8-2917,steadywin-gim8115-6-gbx,,yes,6:1 planetary,12~48,8.59,36.94,,160,199,194.4,0.705,96,48.5,IP54,CAN & 485,,0.67,SteadyWin Planetary Reduction Motor Selection Table (official steadywin-motor.com document-download),"Rated V=24; dims/weight incl. driver; driver encoder 14bit; 2nd output-shaft encoder: YES; backlash 15arcmin; steel planetary gear; rated/peak current units per table ('A') | alt winding (48V): rated 9.1/peak 38 Nm, R=0.98 ohm, Kt=1.84, rated I=4.8 A | url:https://steadywin-motor.com/products/high-precision-and-high-torque-mechanical-dog-joint-actuator-with-high-performance-built-in-driver | datasheet:datasheets/robstride-steadywin/steadywin_planetary_reduction_motor_selection_table.xlsx"
steadywin-gim8115-9,SteadyWin,GIM8115-9,commercial,steadywin-m-1-62-0-28-5-375,steadywin-gim8115-9-gbx,,yes,9:1 planetary,12~48,13,40,,100,129,189.6,0.705,96,48.5,IP54,CAN,185.90,1.62,SteadyWin Planetary Reduction Motor Selection Table (official steadywin-motor.com document-download); reseller https://openelab.io/products/steadywin-gim8115-9-torque-servo,"Rated V=24; dims/weight incl. driver; driver encoder 14bit; 2nd output-shaft encoder: NO; backlash 15arcmin; steel planetary gear; rated/peak current units per table ('A') | alt winding (48V): rated 15.27/peak 54.55 Nm, R=1.05 ohm, Kt=2.25, rated I=4.55 A | per-model PDF pack: datasheets/robstride-steadywin/steadywin_docs/Planetary Reduction Motor/GIM8115-9/ | url:https://steadywin-motor.com/products/biped-wheeled-large-torque-mechanical-dog-joint-actuator-high-performance-built-in-driver-1 | datasheet:datasheets/robstride-steadywin/steadywin_planetary_reduction_motor_selection_table.xlsx"
steadywin-gim8115-36,SteadyWin,GIM8115-36,commercial,steadywin-m-6-56-0-98-1-3333,steadywin-gim8115-36-gbx,,yes,36:1 planetary,12~48,45.6,132,,26,32,163.2,0.96,96,64,IP54,CAN,,6.56,SteadyWin Planetary Reduction Motor Selection Table (official steadywin-motor.com document-download),"Rated V=24; dims/weight incl. driver; driver encoder 14bit; 2nd output-shaft encoder: NO; backlash 15arcmin; steel planetary gear; rated/peak current units per table ('A') | alt winding (48V): rated 48/peak 190.2 Nm, R=0.351 ohm, Kt=5.8, rated I=8.53 A | url:https://steadywin-motor.com | datasheet:datasheets/robstride-steadywin/steadywin_planetary_reduction_motor_selection_table.xlsx"
steadywin-gim10015-9,SteadyWin,GIM10015-9,commercial,steadywin-m-2-18-0-28-4-3333,steadywin-gim10015-9-gbx,,yes,9:1 planetary,12~48,30,62.1,,67,104,340.8,1.372,122,57.5,IP54,CAN,,2.18,SteadyWin Planetary Reduction Motor Selection Table (official steadywin-motor.com document-download),"Rated V=24; dims/weight incl. driver; driver encoder 14bit; 2nd output-shaft encoder: NO; backlash 15arcmin; steel planetary gear; rated/peak current units per table ('A') | alt winding (48V): rated 20.5/peak 112 Nm, R=0.761 ohm, Kt=1.5, rated I=5.5 A | url:https://steadywin-motor.com | datasheet:datasheets/robstride-steadywin/steadywin_planetary_reduction_motor_selection_table.xlsx"
mjbots-qdd100-beta-3,mjbots,qdd100 beta 3,commercial,,mjbots-qdd100-beta-3-gbx,,yes,planetary 6:1,10-44,3.3,16,,,600,500,0.507,100,44,,CAN-FD 5Mbps,809,,https://mjbots.com/products/qdd100-beta-3,"Torque thermal tiers (0 speed, 24V, 20C, no airflow/heatsink): 'Peak 16 Nm (<1s)', '10 Nm - 60s', '6 Nm - 400s', '3.3 Nm - Indefinite' (=continuous->Rated). Max speed '3600 dps @36V' (=600 RPM), '2300 dps @24V' (=383 RPM). Peak power 500W. Backlash +/-0.25 deg. M0.5 6:1 planetary + moteus-derived integrated controller. Dev kit $999. Kt/Kv/pole pairs/currents not published. | url:https://mjbots.com/products/qdd100-beta-3"
hebi-robotics-x5-1,HEBI Robotics,X5-1,commercial,hebi-robotics-m-1-1-10-0-5-6,,,yes,272.222:1,24-48,1.3,2.5,,,90,,0.330,,,,100 Mbps Ethernet (dual port),3945.95,1.1,Datasheet https://docs.hebi.us/resources/datasheets/X-SeriesDatasheet.pdf ; gear ratio/Kt/Kv/R https://docs.hebi.us/hardware.html (T-series correlation); price mybotshop.de,"Series-elastic geared actuator (motor+gear train+spring+encoders+controls). Datasheet: peak/cont torque + max speed as listed; 24-48V DC; 100Mbps Ethernet dual-port; backlash +/-0.25 deg; dims 110x73x31mm, 15mm hollow bore. Gear ratio, Kt, Kv (speed const), R from HEBI's T-series equivalent (docs.hebi.us), which HEBI states 'can be directly correlated to the corresponding X-Series'. Datasheet Cont/Peak current (0.5/1.6A @36V) are bus-side, not phase current. IP rating not stated. Price is reseller (HEBI publishes no public price). | url:https://www.hebirobotics.com/actuators | datasheet:datasheets/qdd-western/hebi_x-series_datasheet.pdf"
hebi-robotics-x5-4,HEBI Robotics,X5-4,commercial,hebi-robotics-m-3-1-x-2-0,,,yes,762.222:1,24-48,4,7,,,32,,0.345,,,,100 Mbps Ethernet (dual port),3945.95,3.1,Datasheet https://docs.hebi.us/resources/datasheets/X-SeriesDatasheet.pdf ; gear ratio/Kt/Kv/R https://docs.hebi.us/hardware.html (T-series correlation); price mybotshop.de,"Series-elastic geared actuator (motor+gear train+spring+encoders+controls). Datasheet: peak/cont torque + max speed as listed; 24-48V DC; 100Mbps Ethernet dual-port; backlash +/-0.25 deg; dims 110x73x31mm, 15mm hollow bore. Gear ratio, Kt, Kv (speed const), R from HEBI's T-series equivalent (docs.hebi.us), which HEBI states 'can be directly correlated to the corresponding X-Series'. Datasheet Cont/Peak current (0.5/1.6A @36V) are bus-side, not phase current. IP rating not stated. Price is reseller (HEBI publishes no public price). | url:https://www.hebirobotics.com/actuators | datasheet:datasheets/qdd-western/hebi_x-series_datasheet.pdf"
hebi-robotics-x5-9,HEBI Robotics,X5-9,commercial,hebi-robotics-m-7-1-x-0-9,,,yes,1742.222:1,24-48,8,13,,,14,,0.360,,,,100 Mbps Ethernet (dual port),3945.95,7.1,Datasheet https://docs.hebi.us/resources/datasheets/X-SeriesDatasheet.pdf ; gear ratio/Kt/Kv/R https://docs.hebi.us/hardware.html (T-series correlation); price mybotshop.de,"Series-elastic geared actuator (motor+gear train+spring+encoders+controls). Datasheet: peak/cont torque + max speed as listed; 24-48V DC; 100Mbps Ethernet dual-port; backlash +/-0.25 deg; dims 110x73x31mm, 15mm hollow bore. Gear ratio, Kt, Kv (speed const), R from HEBI's T-series equivalent (docs.hebi.us), which HEBI states 'can be directly correlated to the corresponding X-Series'. Datasheet Cont/Peak current (0.5/1.6A @36V) are bus-side, not phase current. IP rating not stated. Price is reseller (HEBI publishes no public price). | url:https://www.hebirobotics.com/actuators | datasheet:datasheets/qdd-western/hebi_x-series_datasheet.pdf"
hebi-robotics-x8-3,HEBI Robotics,X8-3,commercial,hebi-robotics-m-1-6-5-3-3-8,,,yes,272.222:1,24-48,3,7,,,84,,0.455,,,,100 Mbps Ethernet (dual port),4595.95,1.6,Datasheet https://docs.hebi.us/resources/datasheets/X-SeriesDatasheet.pdf ; gear ratio/Kt/Kv/R https://docs.hebi.us/hardware.html (T-series correlation); price mybotshop.de,"Series-elastic geared actuator (motor+gear train+spring+encoders+controls). Datasheet: peak/cont torque + max speed as listed; 24-48V DC; 100Mbps Ethernet dual-port; backlash +/-0.25 deg; dims 110x73x45mm, 15mm hollow bore. Gear ratio, Kt, Kv (speed const), R from HEBI's T-series equivalent (docs.hebi.us), which HEBI states 'can be directly correlated to the corresponding X-Series'. Datasheet Cont/Peak current (1.3/3.0A @36V) are bus-side, not phase current. IP rating not stated. Price is reseller (HEBI publishes no public price). | url:https://www.hebirobotics.com/actuators | datasheet:datasheets/qdd-western/hebi_x-series_datasheet.pdf"
hebi-robotics-x8-9,HEBI Robotics,X8-9,commercial,hebi-robotics-m-4-6-x-1-3,,,yes,762.222:1,24-48,8,20,,,30,,0.475,,,,100 Mbps Ethernet (dual port),4595.95,4.6,Datasheet https://docs.hebi.us/resources/datasheets/X-SeriesDatasheet.pdf ; gear ratio/Kt/Kv/R https://docs.hebi.us/hardware.html (T-series correlation); price mybotshop.de,"Series-elastic geared actuator (motor+gear train+spring+encoders+controls). Datasheet: peak/cont torque + max speed as listed; 24-48V DC; 100Mbps Ethernet dual-port; backlash +/-0.25 deg; dims 110x73x45mm, 15mm hollow bore. Gear ratio, Kt, Kv (speed const), R from HEBI's T-series equivalent (docs.hebi.us), which HEBI states 'can be directly correlated to the corresponding X-Series'. Datasheet Cont/Peak current (1.3/3.0A @36V) are bus-side, not phase current. IP rating not stated. Price is reseller (HEBI publishes no public price). | url:https://www.hebirobotics.com/actuators | datasheet:datasheets/qdd-western/hebi_x-series_datasheet.pdf"
hebi-robotics-x8-16,HEBI Robotics,X8-16,commercial,hebi-robotics-m-8-8-x-0-7,,,yes,1462.222:1,24-48,16,38,,,15,,0.490,,,,100 Mbps Ethernet (dual port),4595.95,8.8,Datasheet https://docs.hebi.us/resources/datasheets/X-SeriesDatasheet.pdf ; gear ratio/Kt/Kv/R https://docs.hebi.us/hardware.html (T-series correlation); price mybotshop.de,"Series-elastic geared actuator (motor+gear train+spring+encoders+controls). Datasheet: peak/cont torque + max speed as listed; 24-48V DC; 100Mbps Ethernet dual-port; backlash +/-0.25 deg; dims 110x73x45mm, 15mm hollow bore. Gear ratio, Kt, Kv (speed const), R from HEBI's T-series equivalent (docs.hebi.us), which HEBI states 'can be directly correlated to the corresponding X-Series'. Datasheet Cont/Peak current (1.3/3.0A @36V) are bus-side, not phase current. IP rating not stated. Price is reseller (HEBI publishes no public price). | url:https://www.hebirobotics.com/actuators | datasheet:datasheets/qdd-western/hebi_x-series_datasheet.pdf"
maxon-hej-50-48-30,Maxon,HEJ 50-48-30,commercial,,maxon-hej-50-48-30-gbx,,yes,integrated planetary (ratio not published),30-60,11,28,28,200,248,,0.53,71.5,65,default has no IP back-cap; IP67 covers on request,EtherCAT,,,maxon datasheet HEJ 50-48-30 rev1.1,"Rev1.1 P/N 922156. Nominal (continuous) joint torque 11 Nm; max joint torque actively controlled & repetitive 28 Nm (applied ~1-2s). Max joint velocity 21 rad/s @48V (200 rpm), 26 rad/s @60V (248 rpm). Impact/overtorque: 12e6 @23Nm, 100e3 @30Nm, 1e3 @40Nm. Cont. DC-link current 4.7 Arms; max input <40A. 14-bit abs output encoder; backlash 0.5deg avg; backdrive <0.8Nm; inertia 56 kgcm2; eff up to 74%. Kt not published (torque via motor current). Rated power not stated by maxon (11Nm x 21rad/s ~= 231W). | url:https://global.maxongroup.com/high-efficiency-joints | datasheet:Datasheet_HEJ_50_48_30_rev1.1.pdf"
maxon-hej-70-48-60,Maxon,HEJ 70-48-60,commercial,,maxon-hej-70-48-60-gbx,,yes,integrated planetary (ratio not published),30-60,27,63,63,170,210,,1.04,88,77,IP67,EtherCAT,,,maxon datasheet HEJ 70-48-60 rev1.2,"Rev1.2 P/N 933846 (radial connectors) / 933847 (axial connectors). Nominal torque 27 Nm; max joint torque repetitive 63 Nm (~1-2s). Max joint velocity 17.8 rad/s @48V (170 rpm), 22 rad/s @60V (210 rpm). Impact/overtorque: 12e6 @38Nm, 100e3 @50Nm, 1e3 @67Nm. Cont. DC-link 8.0 Arms; max input <40A. IP67 incl. under load/bending; integrated user-controllable fan (12V). 14-bit abs encoder; inertia 112 kgcm2; backdrive <1.0Nm; eff up to 81.4%. Kt not published. Rated power not stated (27Nm x 18rad/s ~= 486W). | url:https://global.maxongroup.com/high-efficiency-joints | datasheet:Datasheet_HEJ_70_48_60_rev1.2.pdf"
maxon-hej-90-48-140,Maxon,HEJ 90-48-140,commercial,,maxon-hej-90-48-140-gbx,,yes,integrated planetary (ratio not published),30-60,75,140,140,99,124,,2.006,108,90,IP67,EtherCAT,,,maxon datasheet HEJ 90-48-140 rev2.3,"Rev2.3 P/N 831220 (radial) / 895330 (axial). Nominal torque 75 Nm; max joint torque repetitive 140 Nm (~4-5s); 180 Nm variant available on request. Max joint velocity 10.4 rad/s @48V (99 rpm), 13.0 rad/s @60V (124 rpm). Impact/overtorque: 12e6 @180Nm, 100e3 @240Nm, 1e3 @320Nm. Mass 2.006kg radial / 1.987kg axial. Cont. DC-link 8.0 Arms. 12-bit abs encoder; inertia 0.045 kgm2; accel to max speed <8ms; eff up to 86.1%. Kt not published. Rated power not stated (75Nm x 10.05rad/s ~= 754W). | url:https://global.maxongroup.com/high-efficiency-joints | datasheet:Datasheet_HEJ_90_48_140_rev2.3.pdf"
maxon-hej-hercules,Maxon,HEJ Hercules,commercial,,,,yes,integrated,20-60,150,300,,96,,,<3,,,IP67,EtherCAT,,,maxon HEJ overview page + robotics flyer rev1.6,"IN DEVELOPMENT - no released datasheet yet. Overview/flyer values (preliminary, subject to change): peak torque 300 Nm, continuous 150 Nm, peak joint velocity ~10 rad/s (~96 rpm), mass <3 kg, 20-60V, EtherCAT, IP67. | url:https://global.maxongroup.com/high-efficiency-joints"
maxon-hpj-dt38s-wga14,Maxon,HPJ DT38S-WGA14,commercial,maxon-m-0-0165-0-26-x,maxon-hpj-dt38s-wga14-gbx,,yes,strain wave WGA 14:1,,,12,19,84,167,,0.9,74,74,,optional (EPOS/EtherCAT/CANopen electronics),,,maxon robotics flyer rev1.6 (joint) + EC frameless DT brochure Jul2025 (motor Kt/R),"HPJ-DT joint = DT38S frameless motor + WGA strain-wave 14:1. maxon lists 'Peak Joint Torque, Repetitive' = 12-19 Nm; 'Peak Joint Velocity' = 8.8-17.5 rad/s (84-167 rpm). Includes motor + 2x encoder + gear + output bearing; brake/safety optional; no joint backlash; hollow shaft. Kt=16.5 mNm/A (FOC, amplitude = phase-current-referenced) and R phase-phase 0.26 ohm are MOTOR-level (pre-gear). Motor MSat 0.5 Nm; OD 42 / ID 17 mm; cogging 0.5 mNm. Voltage low-voltage DC (nominal customizable). Flyer rev1.6 Sept2025. | url:https://www.maxongroup.com/en/market-solutions/mobility-solutions/robotics | datasheet:maxon_robotics_flyer_rev1.6.pdf"
maxon-hpj-dt38m-wgu14,Maxon,HPJ DT38M-WGU14,commercial,maxon-m-0-0322-0-37-x,maxon-hpj-dt38m-wgu14-gbx,,yes,strain wave WGU 14:1,,,23,36,84,167,,1.0,74,86,,optional (EPOS/EtherCAT/CANopen electronics),,,maxon robotics flyer rev1.6 (joint) + EC frameless DT brochure Jul2025 (motor Kt/R),"HPJ-DT joint = DT38M motor + WGU strain-wave 14:1. 'Peak Joint Torque, Repetitive' = 23-36 Nm; 'Peak Joint Velocity' = 8.8-17.5 rad/s (84-167 rpm). Kt=32.2 mNm/A (FOC amplitude, phase) and R phase-phase 0.37 ohm are MOTOR-level. Motor MSat 1.0 Nm; OD 42 / ID 17 mm; cogging 1.5 mNm. Flyer rev1.6 Sept2025. | url:https://www.maxongroup.com/en/market-solutions/mobility-solutions/robotics | datasheet:maxon_robotics_flyer_rev1.6.pdf"
maxon-hpj-dt50s-wga20,Maxon,HPJ DT50S-WGA20,commercial,maxon-m-0-0604-0-58-x,maxon-hpj-dt50s-wga20-gbx,,yes,strain wave WGA 20:1,,,39,64,40,127,,1.5,94,81,,optional (EPOS/EtherCAT/CANopen electronics),,,maxon robotics flyer rev1.6 (joint) + EC frameless DT brochure Jul2025 (motor Kt/R),"HPJ-DT joint = DT50S motor + WGA strain-wave 20:1. 'Peak Joint Torque, Repetitive' = 39-64 Nm; 'Peak Joint Velocity' = 4.2-13.3 rad/s (40-127 rpm). Kt=60.4 mNm/A (FOC amplitude, phase) and R phase-phase 0.58 ohm are MOTOR-level. Motor MSat 1.5 Nm; OD 54 / ID 28 mm; cogging 2.6 mNm. Flyer rev1.6 Sept2025. | url:https://www.maxongroup.com/en/market-solutions/mobility-solutions/robotics | datasheet:maxon_robotics_flyer_rev1.6.pdf"
maxon-hpj-dt50m-wgu20,Maxon,HPJ DT50M-WGU20,commercial,maxon-m-0-0926-0-76-x,maxon-hpj-dt50m-wgu20-gbx,,yes,strain wave WGU 20:1,,,27,120,40,210,,1.8,94,86,,optional (EPOS/EtherCAT/CANopen electronics),,,maxon robotics flyer rev1.6 (joint) + EC frameless DT brochure Jul2025 (motor Kt/R),"HPJ-DT joint = DT50M motor + WGU strain-wave 20:1. 'Peak Joint Torque, Repetitive' = 27-120 Nm (wide range); 'Peak Joint Velocity' = 4.2-22.0 rad/s (40-210 rpm). Kt=92.6 mNm/A (FOC amplitude, phase) and R phase-phase 0.76 ohm are MOTOR-level. Motor MSat 2.2 Nm; OD 54 / ID 28 mm; cogging 4.6 mNm. Flyer rev1.6 Sept2025. | url:https://www.maxongroup.com/en/market-solutions/mobility-solutions/robotics | datasheet:maxon_robotics_flyer_rev1.6.pdf"
maxon-hpj-dt65s-wga25,Maxon,HPJ DT65S-WGA25,commercial,maxon-m-0-0881-0-33-x,maxon-hpj-dt65s-wga25-gbx,,yes,strain wave WGA 25:1,,,69,123,23,73,,2.6,114,90,,optional (EPOS/EtherCAT/CANopen electronics),,,motor: maxon EC frameless DT brochure Jul2025 (verified); joint: prior DB (UNVERIFIED),"NOT in current maxon robotics flyer rev1.6 (Sept2025) which lists only DT38/DT50 HPJ joints. Joint-level torque/speed/mass/dims (69-123 Nm, 23-73 rpm, 2.6kg, 114x90) CARRIED FROM PRIOR DB - UNVERIFIED against a current maxon source. Motor DT65S Kt=88.1 mNm/A (FOC amplitude, phase), R phase-phase 0.33 ohm, MSat 2.6 Nm, OD 70 / ID 35.5 mm are VERIFIED (EC frameless DT brochure). Confirm joint specs with robotics@maxongroup.com. | url:https://www.maxongroup.com/en/market-solutions/mobility-solutions/robotics | datasheet:maxon_robotics_flyer_rev1.6.pdf"
maxon-hpj-dt65m-wgu25,Maxon,HPJ DT65M-WGU25,commercial,maxon-m-0-157-0-47-x,maxon-hpj-dt65m-wgu25-gbx,,yes,strain wave WGU 25:1,,,127,229,12,41,,3.4,114,100,,optional (EPOS/EtherCAT/CANopen electronics),,,motor: maxon EC frameless DT brochure Jul2025 (verified); joint: prior DB (UNVERIFIED),"NOT in current maxon robotics flyer rev1.6 (Sept2025). Joint-level torque/speed/mass/dims (127-229 Nm, 12-41 rpm, 3.4kg, 114x100) CARRIED FROM PRIOR DB - UNVERIFIED. Motor DT65M Kt=157 mNm/A (FOC amplitude, phase), R phase-phase 0.47 ohm, MSat 4.9 Nm, OD 70 / ID 35.5 mm are VERIFIED (EC frameless DT brochure). Confirm joint specs with maxon. | url:https://www.maxongroup.com/en/market-solutions/mobility-solutions/robotics | datasheet:maxon_robotics_flyer_rev1.6.pdf"
maxon-hpj-dt85m-wga32,Maxon,HPJ DT85M-WGA32,commercial,maxon-m-0-126-0-16-x,maxon-hpj-dt85m-wga32-gbx,,yes,strain wave WGA 32:1,,,151,261,16,51,,5.0,146,107,,optional (EPOS/EtherCAT/CANopen electronics),,,motor: maxon EC frameless DT brochure Jul2025 (verified); joint: prior DB (UNVERIFIED),"NOT in current maxon robotics flyer rev1.6 (Sept2025). Joint-level torque/speed/mass/dims (151-261 Nm, 16-51 rpm, 5.0kg, 146x107) CARRIED FROM PRIOR DB - UNVERIFIED. Motor DT85M Kt=126 mNm/A (FOC amplitude, phase), R phase-phase 0.16 ohm, MSat 5.6 Nm, OD 90 / ID 47 mm are VERIFIED (EC frameless DT brochure). Confirm joint specs with maxon. | url:https://www.maxongroup.com/en/market-solutions/mobility-solutions/robotics | datasheet:maxon_robotics_flyer_rev1.6.pdf"
maxon-hpj-dt85l-wgu32,Maxon,HPJ DT85L-WGU32,commercial,maxon-m-0-219-0-22-x,maxon-hpj-dt85l-wgu32-gbx,,yes,strain wave WGU 32:1,,,281,484,9,29,,5.3,146,120,,optional (EPOS/EtherCAT/CANopen electronics),,,motor: maxon EC frameless DT brochure Jul2025 (verified); joint: prior DB (UNVERIFIED),"NOT in current maxon robotics flyer rev1.6 (Sept2025). Joint-level torque/speed/mass/dims (281-484 Nm, 9-29 rpm, 5.3kg, 146x120) CARRIED FROM PRIOR DB - UNVERIFIED (prior DB marked 'preliminary'). Motor DT85L Kt=219 mNm/A (FOC amplitude, phase), R phase-phase 0.22 ohm, MSat 9.8 Nm, OD 90 / ID 47 mm are VERIFIED (EC frameless DT brochure). Confirm joint specs with maxon. | url:https://www.maxongroup.com/en/market-solutions/mobility-solutions/robotics | datasheet:maxon_robotics_flyer_rev1.6.pdf"
cubemars-ak60-6-v3-0-kv80,CubeMars,AK60-6 V3.0 KV80,commercial,cubemars-m-0-135-0-595-80,cubemars-ak60-6-v3-0-kv80-gbx,,yes,planetary 6:1,48,3,9,,490,640,,0.38,79,43,,CAN / UART,201,,https://www.cubemars.com/,"Dual-voltage 24/48V; speeds@48V (24V: rated 233/no-load 320, peak I 10.3A). Torque/speed=output(post 6:1); Kt/Kv/Ke/R/L=motor-frame(pre-gearbox). 24 slots. Dielectric 500V 5mA/2s. NTC temp sensor. 21-bit magnetic encoder. Currents ADC. | src:https://www.cubemars.com/product/ak60-6-v3-0-kv80-robotic-actuator.html"
cubemars-ak70-10-kv100,CubeMars,AK70-10 KV100,commercial,cubemars-m-0-123-0-272-100,cubemars-ak70-10-kv100-gbx,,yes,planetary 10:1,48,8.3,24.8,,310,480,,0.521,89,50.25,,CAN / UART,349,,https://www.cubemars.com/,Dual-voltage 24/48V; speeds@48V (24V: rated 148/no-load 240). Current page lists motor weight 521g (earlier pass saw 621g elsewhere on page). Torque/speed=output(post 10:1); Kt/Kv/Ke/R/L=motor-frame. Dielectric 1000V. Backlash 0.12deg. 14-bit encoder. NTC. Currents ADC. | src:https://www.cubemars.com/product/ak70-10-kv100-robotic-actuator.html
cubemars-ak80-6-kv100,CubeMars,AK80-6 KV100,commercial,cubemars-m-0-105-0-17-100,cubemars-ak80-6-kv100-gbx,,yes,planetary 6:1,48,6,12,,603,800,,0.485,98,38.5,,CAN / UART,412,,https://www.cubemars.com/,Torque/speed=output(post 6:1); Kt/Kv/Ke/R/L=motor-frame. Dielectric 1000V. Backlash 0.22deg. 14-bit encoder. Currents ADC. | src:https://www.cubemars.com/product/ak80-6-kv100-robotic-actuator.html
cubemars-ak80-9-v3-0-kv100,CubeMars,AK80-9 V3.0 KV100,commercial,cubemars-m-0-095-0-16-100,cubemars-ak80-9-v3-0-kv100-gbx,,yes,planetary 9:1,48,9,22,,390,570,,0.49,98,38.5,,CAN / UART,420,,https://www.cubemars.com/,Torque/speed=output(post 9:1); Kt/Kv/Ke/R/L=motor-frame. 36 slots. Dielectric 1000V. Backlash 15 arcmin. Elec time const not published; note printed mech tc 0.725ms numerically equals L/R(=0.725ms) so may be mislabeled. 16-bit encoder. NTC. Currents ADC. | src:https://www.cubemars.com/product/ak80-9-v3-0-robotic-actuator.html
cubemars-ak10-9-v3-0-kv60,CubeMars,AK10-9 V3.0 KV60,commercial,cubemars-m-0-16-0-248-60,cubemars-ak10-9-v3-0-kv60-gbx,,yes,planetary 9:1,48,18,53,,235,320,,0.94,98,61.7,,CAN / UART,612,,https://www.cubemars.com/,Torque/speed=output(post 9:1); Kt/Kv/Ke/R/L=motor-frame. 36 slots. Dielectric 1000V. Dual encoder 21-bit inner + 15-bit outer magnetic. Back-drive torque not published on V3 page. NTC. Currents ADC. | src:https://www.cubemars.com/product/ak10-9-v3-0-kv60-robotic-actuator.html
cubemars-ak10-9-v2-0-kv60,CubeMars,AK10-9 V2.0 KV60,commercial,cubemars-m-0-198-0-195-60,cubemars-ak10-9-v2-0-kv60-gbx,,yes,planetary 9:1,48,18,48,,228,320,,0.96,98,61.7,,CAN / UART,612,,https://www.cubemars.com/,Dual-voltage 24/48V; speeds@48V (24V: rated 109/no-load 160). Torque/speed=output(post 9:1); Kt/Kv/Ke/R/L=motor-frame. Dielectric 1000V. Backlash 0.33deg. Dual encoder 14-bit inner + 15-bit outer. NTC. Currents ADC. | src:https://www.cubemars.com/product/ak10-9-v2-0-kv60-robotic-actuator.html
cubemars-ak80-8-kv60,CubeMars,AK80-8 KV60,commercial,cubemars-m-0-199-0-43-60,cubemars-ak80-8-kv60-gbx,,yes,planetary 8:1,48,10,25,,243,360,,0.57,98,43.9,,CAN / UART,412,,https://www.cubemars.com/,Torque/speed=output(post 8:1); Kt/Kv/Ke/R/L=motor-frame. Dielectric 1000V. Backlash 0.38deg. Dual encoder 14-bit inner + 15-bit outer. Currents ADC. | src:https://www.cubemars.com/product/ak80-8-kv60-robotic-actuator.html
cubemars-ak80-64-kv80,CubeMars,AK80-64 KV80,commercial,cubemars-m-0-136-0-22-80,cubemars-ak80-64-kv80-gbx,,yes,planetary 64:1,48,48,120,,48,75,,0.85,98,61.9,,CAN / UART,780,,https://www.cubemars.com/,Dual-voltage 24/48V; speeds@48V (24V: rated 23/no-load 37). Torque/speed=output(post 64:1); Kt/Kv/Ke/R/L=motor-frame. Dielectric 1000V. Backlash 0.18deg. Single 14-bit inner encoder. NTC. Currents ADC. | src:https://www.cubemars.com/product/ak80-64-kv80-robotic-actuator.html
cubemars-ak70-9-v3-0-kv60,CubeMars,AK70-9 V3.0 KV60,commercial,cubemars-m-0-159-0-475-60,cubemars-ak70-9-v3-0-kv60-gbx,,yes,planetary 9:1,48,8.5,29.2,,260,320,,0.54,89,49,,CAN / UART,349,,https://www.cubemars.com/,"UNITS FIX: live page prints R as '475 Ohm' and L as '408 mH' (anomalous); published Km=0.23 reconciles only with R=475 mOhm (Km=Kt/sqrt(R)=0.159/sqrt(0.475)=0.23) and sister AK models use mOhm/uH, so recorded R=0.475 Ohm, L=408 uH. Torque/speed=output(post 9:1). 24 slots. Dielectric 1000V. Dual encoder 14-bit+15-bit. Elec time const not published. Currents ADC. | src:https://www.cubemars.com/product/ak70-9-v3-0-kv60-robotic-actuator.html"
cubemars-ak60-39-v3-0-kv80,CubeMars,AK60-39 V3.0 KV80,commercial,cubemars-m-0-12-0-6-80,cubemars-ak60-39-v3-0-kv80-gbx,,yes,planetary 39:1,48,24,72,,70,98,,0.75,79,67,,CAN / UART,393,,https://www.cubemars.com/,Torque/speed=output(post 39:1); Kt/Kv/Ke/R/L=motor-frame. 24 slots. Dielectric 500V. Backlash 15 arcmin. Dual 21-bit MT6835 encoders. Elec time const not published. NTC. Currents ADC. | src:https://www.cubemars.com/product/ak60-39-v3-0-kv80-robotic-actuator.html
cubemars-ak45-36-v3-0-kv80,CubeMars,AK45-36 V3.0 KV80,commercial,cubemars-m-0-11-1-8-80,cubemars-ak45-36-v3-0-kv80-gbx,,yes,planetary 36:1,24,8,24,,40,52,,0.349,55,56.5,,CAN / UART,163,,https://www.cubemars.com/,Torque/speed=output(post 36:1); Kt/Kv/Ke/R/L=motor-frame. 24 slots. Dielectric 500V. Backlash 12 arcmin. Dual 16-bit MT6835 encoders. Winding type + time constants not published. Currents ADC. | src:https://www.cubemars.com/product/ak45-36-v3-0-kv80-robotic-actuator.html
cubemars-ak45-10-v3-0-kv75,CubeMars,AK45-10 V3.0 KV75,commercial,cubemars-m-0-127-2-2-75,cubemars-ak45-10-v3-0-kv75-gbx,,yes,planetary 10:1,24,2.5,7,,120,180,,0.262,53,45.2,,CAN / UART,137,,https://www.cubemars.com/,Torque/speed=output(post 10:1); Kt/Kv/Ke/R/L=motor-frame. 24 slots. Dielectric 500V. Backlash 18 arcmin. Dual 16-bit MT6835 encoders. Winding type + time constants not published. NTC. Currents ADC. | src:https://www.cubemars.com/product/ak45-10-v3-0-kv75-robotic-actuator.html
cubemars-ak40-10-v3-0-kv170,CubeMars,AK40-10 V3.0 KV170,commercial,cubemars-m-0-056-0-978-170,cubemars-ak40-10-v3-0-kv170-gbx,,yes,planetary 10:1,24,1.3,4.1,,370,435,,0.19,53,40.2,,CAN / UART,119,,https://www.cubemars.com/,Torque/speed=output(post 10:1); Kt/Kv/Ke/R/L=motor-frame. Max continuous power 50W. 24 slots. Dielectric 500V. Backlash 18 arcmin. Dual 16-bit MT6835 encoders. Winding type + time constants not published. Currents ADC. | src:https://www.cubemars.com/product/ak40-10-v3-0-kv170-robotic-actuator.html
cubemars-ak60-6-v1-1-kv80,CubeMars,AK60-6 V1.1 KV80,commercial,cubemars-m-0-078-0-202-80,cubemars-ak60-6-v1-1-kv80-gbx,,yes,planetary 6:1,24,3,9,,233,320,,0.368,79,39.5,,CAN / UART,262,,https://www.cubemars.com/,"V1 generation, single 14-bit encoder. Torque/speed=output(post 6:1); Kt/Kv/Ke/R/L=motor-frame. Dielectric 500V. Backlash 0.55deg. Currents ADC. | src:https://www.cubemars.com/product/ak60-6-v1-1-kv80-robotic-actuator.html"
cubemars-ak60-6-v1-1-kv140,CubeMars,AK60-6 V1.1 KV140,commercial,cubemars-m-x-x-140,cubemars-ak60-6-v1-1-kv140-gbx,,yes,planetary 6:1,24,3,9,,420,560,,0.368,79,39.5,,CAN / UART,,,https://www.cubemars.com/,KV140 winding variant shown on same page as KV80. Only mechanical/performance specs published for KV140 (electrical constants Kt/Ke/R/L/Km not separately listed). Price for KV140 not separately shown (page price $298.9 is KV80). Currents ADC. | src:https://www.cubemars.com/product/ak60-6-v1-1-kv80-robotic-actuator.html
cubemars-akh70-48-v1-0-kv41,CubeMars,AKH70-48 V1.0 KV41,commercial,cubemars-m-0-23-0-56-41,cubemars-akh70-48-v1-0-kv41-gbx,,yes,planetary 48:1,48,74,222,,28,35,,1.396,90,81.5,,CAN / UART,612,,https://www.cubemars.com/,"Hollow-shaft planetary, 7mm bore. R printed 0.56 Ohm, L printed 0.6 mH. 36 slots. Dielectric 500V. Backlash 12 arcmin. Dual 21-bit encoders. Elec time const not published. Currents ADC. Torque/speed=output. | src:https://www.cubemars.com/product/akh70-48-v-1-0-kv41-hollow-shaft-planetary-actuator.html"
cubemars-akh70-16-v1-0-kv41,CubeMars,AKH70-16 V1.0 KV41,commercial,cubemars-m-0-23-0-56-41,cubemars-akh70-16-v1-0-kv41-gbx,,yes,planetary 16:1,48,26,78,,90,105,,0.879,90,60.5,,CAN / UART,525,,https://www.cubemars.com/,"Hollow-shaft planetary, 7mm bore. Peak torque spec table 78Nm (headline says 85Nm). R printed 0.56 Ohm, L printed 0.6 mH. 36 slots. Dielectric 500V. Backlash 12 arcmin. Dual 21-bit encoders. Elec time const not published. Currents ADC. | src:https://www.cubemars.com/product/akh70-16-v-1-0-kv41-hollow-shaft-planetary-actuator.html"
cubemars-aka10-9-kv60,CubeMars,AKA10-9 KV60,commercial,cubemars-m-0-16-0-248-60,cubemars-aka10-9-kv60-gbx,,yes,planetary 9:1,48,18,53,,109,280,,1.06,100,70,,CAN / UART,700,,https://www.cubemars.com/,Ke printed '0.0167 V/krpm' but value is really V/rpm (=16.7 V/krpm). No-load speed 280rpm in table (320 cited in summary). Torque/speed=output(post 9:1). Dielectric 1000V. Backlash 0.15deg. Outer-ring 16-bit encoder. Currents ADC. | src:https://www.cubemars.com/product/aka10-9-kv60-robotic-actuator.html
cubemars-aka60-6-kv80,CubeMars,AKA60-6 KV80,commercial,cubemars-m-0-11937-0-595-80,cubemars-aka60-6-kv80-gbx,,yes,planetary 6:1,48,3,9,,400,640,,0.46,80,51.2,,CAN / UART,262,,https://www.cubemars.com/,Ke printed '0.0125 V/krpm' but value is really V/rpm (=12.5 V/krpm). Dual-voltage 24/48V; speeds@48V (24V: rated 200/no-load 320). Torque/speed=output(post 6:1). Dielectric 500V. Single 14-bit encoder. Back-drive not published. Currents ADC. | src:https://www.cubemars.com/product/aka60-6-kv80-robotic-actuator.html
cubemars-ake90-8-kv35,CubeMars,AKE90-8 KV35,commercial,cubemars-m-0-272-0-164-35,cubemars-ake90-8-kv35-gbx,,,planetary 8:1,48,55,170,,120,210,,1.4,107.5,43.5,,,424,,https://www.cubemars.com/,"QDD module: no encoder, no driver board (sold separately). Ke printed '0.0285 V/krpm' but value is really V/rpm (=28.5 V/krpm). Rated power 700W. Backlash 9 arcmin. Dielectric 1000V 5mA/2s. Back-drive torque NOT on live page (user-supplied datasheet=9Nm). Torque/speed=output(post 8:1); Kt/Kv/Ke/R/L=motor-frame. Currents ADC. Rated power 700W (not the 1500W peak-curve figure). | src:https://www.cubemars.com/product/ake90-8-kv35-quasi-direct-drive-actuator.html"
cubemars-ake80-8-kv30,CubeMars,AKE80-8 KV30,commercial,cubemars-m-0-32-0-87-30,cubemars-ake80-8-kv30-gbx,,,planetary 8:1,48,12,30,,150,195,,0.57,87,32,,,298,,https://www.cubemars.com/,"QDD module: no encoder, no driver board. Rated power 188W. Backlash 9 arcmin. Dielectric 500V. Torque/speed=output(post 8:1); Kt/Kv/Ke/R/L=motor-frame. Back-drive not published. Currents ADC. | src:https://www.cubemars.com/product/ake80-8-kv30-quasi-direct-drive-actuator.html"
cubemars-ake60-8-kv80,CubeMars,AKE60-8 KV80,commercial,cubemars-m-0-13-0-577-80,cubemars-ake60-8-kv80-gbx,,,planetary 8:1,24,5,12.5,,180,240,,0.26,69,25,,,192,,https://www.cubemars.com/,"QDD module: no encoder, no driver board. 24V. Rated power 95W. Backlash 9 arcmin. Dielectric 500V. Torque/speed=output(post 8:1); Kt/Kv/Ke/R/L=motor-frame. Back-drive not published. Currents ADC. | src:https://www.cubemars.com/product/ake60-8-kv80-quasi-direct-drive-actuator.html"
