driver_id,manufacturer,model,source_type,parent_actuator_id,Cont_Current_A,Peak_Current_A,Bus_V_min,Bus_V_max,Control,Comms,Mass_kg,Diameter_mm,Length_mm,Price_EUR,Source,Notes
rsl-dynadrive-embedded,RSL-ETH,DynaDrive embedded drive,extracted,rsl-eth-dynadrive,13.5,32,48,48,FOC,EtherCAT,,,,,https://rsl.ethz.ch/robots-media/actuators/DynaDrives.html,"Currents taken from the DynaDrive actuator datasheet (13.5 A nominal, 32 A peak). Integrated, not sold separately."
mab-robotics-md80-v3-0-motor-controller,MAB Robotics,MD80 v3.0 motor controller,standalone,,,80,48.0,48.0,,FDCAN up to 8 Mbps,0.015,55,,220,MAB Robotics mabrobotics.pl fetched 2026-07-23,"Bare brushless motor CONTROLLER (driver), NOT a frameless motor - has no motor Kt/Kv/R/pole (those belong to the attached motor). Onboard 14-bit absolute encoder; aux connectors for external MAB on-axis/off-axis ring encoders, RS422 (on request), brake/limit switch. Motion modes: position/velocity (PID+profile), impedance (PD), torque (PI). Mass 15g on product page (MD-series overview lists 16g). Product page also displays 161,11 EUR next to 220,00 EUR; schema.org Offer and category listing both = 220. | url:https://www.mabrobotics.pl/product-page/md80-motor-controller"
mab-robotics-md80-v3-0-canopen-motor-controller,MAB Robotics,MD80 v3.0 CANopen motor controller,standalone,,,80,48.0,48.0,,CANopen,0.015,55,,220,MAB Robotics mabrobotics.pl fetched 2026-07-23,"Same board as MD80 v3.0 with CANopen interface for industrial/PLC integration. Bare controller, no motor constants. Onboard 14-bit absolute encoder. | url:https://www.mabrobotics.pl/product-page/md80-canopen-motor-controller"
mab-robotics-md80-v3-0-60vdc-motor-controller,MAB Robotics,MD80 v3.0 60VDC motor controller,standalone,,,80,60.0,60.0,,FDCAN,0.016,55,,269,MAB Robotics mabrobotics.pl fetched 2026-07-23,"60V variant of MD80 v3.0: up to 60VDC, 80A peak, diameter 55mm, ~16g. Bare controller. Specs from MD-series overview; product page could not be re-fetched (bot wall) but price 269 EUR confirmed via schema.org catalog Offer. | url:https://www.mabrobotics.pl/product-page/md80-60vdc-motor-controller"
mab-robotics-md80-v3-0-60vdc-canopen-motor-controller,MAB Robotics,MD80 v3.0 60VDC CANopen motor controller,standalone,,,80,60.0,60.0,,CANopen,0.016,55,,269,MAB Robotics mabrobotics.pl fetched 2026-07-23,60V + CANopen variant of MD80 v3.0. Bare controller. | url:https://www.mabrobotics.pl/product-page/md80-60vdc-canopen-motor-controller
mab-robotics-md20-v1-0-motor-controller,MAB Robotics,MD20 v1.0 motor controller,standalone,,,20,48.0,48.0,,FDCAN,0.006,35,,169,MAB Robotics mabrobotics.pl fetched 2026-07-23,"Smaller sibling of MD80: up to 48VDC, 20A peak, diameter 35mm, 6g. CANopen variant (md20-canopen-motor-controller) also 169 EUR. Bare controller, no motor constants. Not in original scope; included as direct-sale product. | url:https://www.mabrobotics.pl/product-page/md20-motor-controller"
mjbots-moteus-r4-11,mjbots,moteus r4.11,standalone,,12 / 32,100,10.0,44.0,FOC,CAN-FD 5Mbps,0.0142,,,86,https://mjbots.com/products/moteus-r4-11,"Standalone 3-phase FOC BLDC controller. Continuous phase current 12A (w/o thermal mgmt) / 32A (w/ thermal mgmt); peak phase current 100A; bus 10-44V (<=10S); peak electrical power 900W @30V. PCB 46x53mm, 14.2g. STM32G4 (170 MHz). Control 15-30kHz. Firmware open-source (Apache-2.0). Connectors 2x XT30PW-M + 2x JST PH-3. | url:https://mjbots.com/products/moteus-r4-11"
mjbots-moteus-n1,mjbots,moteus-n1,standalone,,9 / 26,100,10.0,54.0,FOC,CAN-FD 5Mbps,0.0146,,,137,https://mjbots.com/products/moteus-n1,"Standalone 3-phase FOC BLDC controller. Continuous phase current 9A (w/o thermal mgmt) / 26A (w/ thermal mgmt); peak phase current 100A; bus 10-54V (<=12S); peak electrical power 2kW @36V. 46x46x8mm, 14.6g. STM32G4. Integrated absolute magnetic encoder. Firmware open-source (Apache-2.0). | url:https://mjbots.com/products/moteus-n1"
mjbots-moteus-c1,mjbots,moteus-c1,standalone,,5 / 14,20,10.0,51.0,FOC,CAN-FD 5Mbps,0.0089,,,63,https://mjbots.com/products/moteus-c1,"Standalone 3-phase FOC BLDC controller (low-cost). Continuous phase current 5A (w/o thermal mgmt) / 14A (w/ thermal mgmt); peak phase current 20A; bus 10-51V (<=12S); peak electrical power 250W @28V. 38x38x9mm, 8.9g. | url:https://mjbots.com/products/moteus-c1"
