gearbox_id,manufacturer,model,source_type,parent_actuator_id,Type,Ratio_num,Eff_Fwd,Eff_Back,Backlash_arcmin,Rated_Output_Torque_Nm,Peak_Output_Torque_Nm,Max_Input_Speed_RPM,Mass_kg,Diameter_mm,Length_mm,Price_EUR,Source,Notes
myactuator-rmd-x2-p28-7-e-gbx,MyActuator,RMD-X2-P28-7-E (gearbox),extracted,myactuator-rmd-x2-p28-7-e,planetary,28.17,,,12,2.5,7,,,44,63.5,,"https://dings-motion.squarespace.com/s/MyActuator-2025-product-manual.pdf (MyActuator 2025 General Catalog, p13-14)",Torque cols = parent actuator output (integrated limit).
myactuator-rmd-x4-p12-10-e-gbx,MyActuator,RMD-X4-P12-10-E (gearbox),extracted,myactuator-rmd-x4-p12-10-e,planetary,12.6,,,10,4,10,,,55,55.5,,https://dings-motion.squarespace.com/s/MyActuator-2025-product-manual.pdf (2025 catalog p15-16),Torque cols = parent actuator output (integrated limit).
myactuator-rmd-x4-p36-36-e-gbx,MyActuator,RMD-X4-P36-36-E (gearbox),extracted,myactuator-rmd-x4-p36-36-e,planetary,36,,,10,10.5,34,,,55,61,,https://dings-motion.squarespace.com/s/MyActuator-2025-product-manual.pdf (2025 catalog p17-18),Torque cols = parent actuator output (integrated limit).
myactuator-rmd-x6-p8-8-c-gbx,MyActuator,RMD-X6-P8-8-C (gearbox),extracted,myactuator-rmd-x6-p8-8-c,planetary,8,,,10,4.5,8,,,80,48,,https://dings-motion.squarespace.com/s/MyActuator-2025-product-manual.pdf (2025 catalog p19-20),Torque cols = parent actuator output (integrated limit).
myactuator-rmd-x6-p20-60-e-gbx,MyActuator,RMD-X6-P20-60-E (gearbox),extracted,myactuator-rmd-x6-p20-60-e,planetary,19.612,,,10,20,60,,,80,67.5,,https://dings-motion.squarespace.com/s/MyActuator-2025-product-manual.pdf (2025 catalog p21-22),Torque cols = parent actuator output (integrated limit).
myactuator-rmd-x8-p9-32-r-gbx,MyActuator,RMD-X8-P9-32-R (gearbox),extracted,myactuator-rmd-x8-p9-32-r,planetary,9,,,8,8,32,,,96,41.2,,https://dings-motion.squarespace.com/s/MyActuator-2025-product-manual.pdf (2025 catalog p23-24),Torque cols = parent actuator output (integrated limit).
myactuator-rmd-x8-p9-50-c-r-gbx,MyActuator,RMD-X8-P9-50-C / -R (gearbox),extracted,myactuator-rmd-x8-p9-50-c-r,planetary,9,,,10,15,50,,,96,,,https://dings-motion.squarespace.com/s/MyActuator-2025-product-manual.pdf (2025 catalog p25-26),Torque cols = parent actuator output (integrated limit).
myactuator-rmd-x8-p20-120-e-gbx,MyActuator,RMD-X8-P20-120-E (gearbox),extracted,myactuator-rmd-x8-p20-120-e,planetary,19.612,,,10,43,120,,,96,76,,https://dings-motion.squarespace.com/s/MyActuator-2025-product-manual.pdf (2025 catalog p27-28),Torque cols = parent actuator output (integrated limit).
myactuator-rmd-x12-p20-320-e-gbx,MyActuator,RMD-X12-P20-320-E (gearbox),extracted,myactuator-rmd-x12-p20-320-e,planetary,20,,,10,85,320,,,124,85,,https://dings-motion.squarespace.com/s/MyActuator-2025-product-manual.pdf (2025 catalog p29-30); confirmed https://aifitlab.com/products/myactuator-rmd-x12-320-motor,Torque cols = parent actuator output (integrated limit).
myactuator-rmd-x15-p20-450-e-gbx,MyActuator,RMD-X15-P20-450-E (gearbox),extracted,myactuator-rmd-x15-p20-450-e,planetary,20.25,,,10,145,450,,,166,69,,https://dings-motion.squarespace.com/s/MyActuator-2025-product-manual.pdf (2025 catalog p31-32),Torque cols = parent actuator output (integrated limit).
myactuator-rmd-x10-p7-40-r-n-c-n-gbx,MyActuator,RMD-X10-P7-40-R-N / -C-N (gearbox),extracted,myactuator-rmd-x10-p7-40-r-n-c-n,planetary,7,,,7,12,40,,,71,53,,"RMD-X10-40_datasheet.pdf (MyActuator V3 download RMD-X10 1:7 V3.pdf, Apr 2024)",Torque cols = parent actuator output (integrated limit).
myactuator-rmd-x10-p35-100-r-n-c-n-gbx,MyActuator,RMD-X10-P35-100-R-N / -C-N (gearbox),extracted,myactuator-rmd-x10-p35-100-r-n-c-n,planetary,35,,,15,50,100,,,71,74,,"RMD-X10-100_datasheet.pdf (MyActuator V3 download RMD-X10-S2 V3.pdf, Apr 2024)",Torque cols = parent actuator output (integrated limit).
myactuator-eps-rh-11-80-c-n-d-gbx,MyActuator,EPS-RH-11-80-C-N-D (gearbox),extracted,myactuator-eps-rh-11-80-c-n-d,strain_wave,80,,,,5,21,,,52,73,,https://dings-motion.squarespace.com/s/MyActuator-2025-product-manual.pdf (2025 catalog p35-36),Torque cols = parent actuator output (integrated limit).
myactuator-eps-rh-14-100-e-n-d-gbx,MyActuator,EPS-RH-14-100-E-N-D (gearbox),extracted,myactuator-eps-rh-14-100-e-n-d,strain_wave,100,,,,11,28,,,64,81.7,,https://dings-motion.squarespace.com/s/MyActuator-2025-product-manual.pdf (2025 catalog p37-38),Torque cols = parent actuator output (integrated limit).
myactuator-eps-rh-17-lite-100-c-n-d-gbx,MyActuator,EPS-RH-17-Lite-100-C-N-D (gearbox),extracted,myactuator-eps-rh-17-lite-100-c-n-d,strain_wave,100,,,,26,65,,,70,77,,https://dings-motion.squarespace.com/s/MyActuator-2025-product-manual.pdf (2025 catalog p39-40),Torque cols = parent actuator output (integrated limit).
myactuator-eps-rh-17-100-e-n-d-gbx,MyActuator,EPS-RH-17-100-E-N-D (gearbox),extracted,myactuator-eps-rh-17-100-e-n-d,strain_wave,100,,,,35,54,,,74,90.2,,https://dings-motion.squarespace.com/s/MyActuator-2025-product-manual.pdf (2025 catalog p41-42),Torque cols = parent actuator output (integrated limit).
myactuator-eps-rh-20-100-e-n-d-gbx,MyActuator,EPS-RH-20-100-E-N-D (gearbox),extracted,myactuator-eps-rh-20-100-e-n-d,strain_wave,100,,,,50,80,,,84,82.9,,https://dings-motion.squarespace.com/s/MyActuator-2025-product-manual.pdf (2025 catalog p43-44),Torque cols = parent actuator output (integrated limit).
myactuator-eps-rh-25-100-e-n-d-gbx,MyActuator,EPS-RH-25-100-E-N-D (gearbox),extracted,myactuator-eps-rh-25-100-e-n-d,strain_wave,100,,,,108,157,,,102,88.5,,https://dings-motion.squarespace.com/s/MyActuator-2025-product-manual.pdf (2025 catalog p45-46),Torque cols = parent actuator output (integrated limit).
myactuator-eps-rh-32-100-e-n-d-gbx,MyActuator,EPS-RH-32-100-E-N-D (gearbox),extracted,myactuator-eps-rh-32-100-e-n-d,strain_wave,100,,,,150,229,,,132,108.4,,https://dings-motion.squarespace.com/s/MyActuator-2025-product-manual.pdf (2025 catalog p47-48),Torque cols = parent actuator output (integrated limit).
zeroerr-erob70f-14-50-gbx,ZeroErr,eRob70F (14-50) (gearbox),extracted,zeroerr-erob70f-14-50,strain_wave,50,,,,3.7,12,,,70,60.4,,https://www.zeroerr.com/rotary_actuators/erob70f ; UM V3.42 (eRob_User_Manual_V3.42.pdf),Torque cols = parent actuator output (integrated limit).
zeroerr-erob70f-14-80-gbx,ZeroErr,eRob70F (14-80) (gearbox),extracted,zeroerr-erob70f-14-80,strain_wave,80,,,,5.4,16,,,70,60.4,,https://www.zeroerr.com/rotary_actuators/erob70f ; UM V3.42 (eRob_User_Manual_V3.42.pdf),Torque cols = parent actuator output (integrated limit).
zeroerr-erob70f-14-100-gbx,ZeroErr,eRob70F (14-100) (gearbox),extracted,zeroerr-erob70f-14-100,strain_wave,100,,,,5.4,19,,,70,60.4,,https://www.zeroerr.com/rotary_actuators/erob70f ; UM V3.42 (eRob_User_Manual_V3.42.pdf),Torque cols = parent actuator output (integrated limit).
zeroerr-erob70i-14-50-gbx,ZeroErr,eRob70i (14-50) (gearbox),extracted,zeroerr-erob70i-14-50,strain_wave,50,,,,7,23,,,70,71,,https://www.zeroerr.com/rotary_actuators/erob70i ; UM V3.42 (eRob_User_Manual_V3.42.pdf),Torque cols = parent actuator output (integrated limit).
zeroerr-erob70i-14-80-gbx,ZeroErr,eRob70i (14-80) (gearbox),extracted,zeroerr-erob70i-14-80,strain_wave,80,,,,10,30,,,70,71,,https://www.zeroerr.com/rotary_actuators/erob70i ; UM V3.42 (eRob_User_Manual_V3.42.pdf),Torque cols = parent actuator output (integrated limit).
zeroerr-erob70i-14-100-gbx,ZeroErr,eRob70i (14-100) (gearbox),extracted,zeroerr-erob70i-14-100,strain_wave,100,,,,10,36,,,70,71,,https://www.zeroerr.com/rotary_actuators/erob70i ; UM V3.42 (eRob_User_Manual_V3.42.pdf),Torque cols = parent actuator output (integrated limit).
zeroerr-erob70i-14-120-gbx,ZeroErr,eRob70i (14-120) (gearbox),extracted,zeroerr-erob70i-14-120,strain_wave,120,,,,10,36,,,70,71,,https://www.zeroerr.com/rotary_actuators/erob70i ; UM V3.42 (eRob_User_Manual_V3.42.pdf),Torque cols = parent actuator output (integrated limit).
zeroerr-erob80f-17-50-gbx,ZeroErr,eRob80F (17-50) (gearbox),extracted,zeroerr-erob80f-17-50,strain_wave,50,,,,11,23,,,80,57.5,,https://www.zeroerr.com/rotary_actuators/erob80f ; UM V3.42 (eRob_User_Manual_V3.42.pdf),Torque cols = parent actuator output (integrated limit).
zeroerr-erob80f-17-100-gbx,ZeroErr,eRob80F (17-100) (gearbox),extracted,zeroerr-erob80f-17-100,strain_wave,100,,,,16,37,,,80,57.5,,https://www.zeroerr.com/rotary_actuators/erob80f ; UM V3.42 (eRob_User_Manual_V3.42.pdf),Torque cols = parent actuator output (integrated limit).
zeroerr-erob80i-17-50-gbx,ZeroErr,eRob80i (17-50) (gearbox),extracted,zeroerr-erob80i-17-50,strain_wave,50,,,,21,44,,,80,64.2,,https://www.zeroerr.com/rotary_actuators/erob80i ; UM V3.42 (eRob_User_Manual_V3.42.pdf),Torque cols = parent actuator output (integrated limit).
zeroerr-erob80i-17-80-gbx,ZeroErr,eRob80i (17-80) (gearbox),extracted,zeroerr-erob80i-17-80,strain_wave,80,,,,29,56,,,80,64.2,,https://www.zeroerr.com/rotary_actuators/erob80i ; UM V3.42 (eRob_User_Manual_V3.42.pdf),Torque cols = parent actuator output (integrated limit).
zeroerr-erob80i-17-100-gbx,ZeroErr,eRob80i (17-100) (gearbox),extracted,zeroerr-erob80i-17-100,strain_wave,100,,,,31,70,,,80,64.2,,https://www.zeroerr.com/rotary_actuators/erob80i ; UM V3.42 (eRob_User_Manual_V3.42.pdf),Torque cols = parent actuator output (integrated limit).
zeroerr-erob80i-17-120-gbx,ZeroErr,eRob80i (17-120) (gearbox),extracted,zeroerr-erob80i-17-120,strain_wave,120,,,,31,70,,,80,64.2,,https://www.zeroerr.com/rotary_actuators/erob80i ; UM V3.42 (eRob_User_Manual_V3.42.pdf),Torque cols = parent actuator output (integrated limit).
zeroerr-erob90i-20-50-gbx,ZeroErr,eRob90i (20-50) (gearbox),extracted,zeroerr-erob90i-20-50,strain_wave,50,,,,33,73,,,90,75.9,,https://www.zeroerr.com/rotary_actuators/erob90i ; UM V3.42 (eRob_User_Manual_V3.42.pdf),Torque cols = parent actuator output (integrated limit).
zeroerr-erob90i-20-80-gbx,ZeroErr,eRob90i (20-80) (gearbox),extracted,zeroerr-erob90i-20-80,strain_wave,80,,,,44,96,,,90,75.9,,https://www.zeroerr.com/rotary_actuators/erob90i ; UM V3.42 (eRob_User_Manual_V3.42.pdf),Torque cols = parent actuator output (integrated limit).
zeroerr-erob90i-20-100-gbx,ZeroErr,eRob90i (20-100) (gearbox),extracted,zeroerr-erob90i-20-100,strain_wave,100,,,,52,107,,,90,75.9,,https://www.zeroerr.com/rotary_actuators/erob90i ; UM V3.42 (eRob_User_Manual_V3.42.pdf),Torque cols = parent actuator output (integrated limit).
zeroerr-erob90i-20-120-gbx,ZeroErr,eRob90i (20-120) (gearbox),extracted,zeroerr-erob90i-20-120,strain_wave,120,,,,52,113,,,90,75.9,,https://www.zeroerr.com/rotary_actuators/erob90i ; UM V3.42 (eRob_User_Manual_V3.42.pdf),Torque cols = parent actuator output (integrated limit).
zeroerr-erob110i-25-50-gbx,ZeroErr,eRob110i (25-50) (gearbox),extracted,zeroerr-erob110i-25-50,strain_wave,50,,,,51,127,,,110,80.2,,https://www.zeroerr.com/rotary_actuators/erob110i ; UM V3.42 (eRob_User_Manual_V3.42.pdf),Torque cols = parent actuator output (integrated limit).
zeroerr-erob110i-25-80-gbx,ZeroErr,eRob110i (25-80) (gearbox),extracted,zeroerr-erob110i-25-80,strain_wave,80,,,,82,178,,,110,80.2,,https://www.zeroerr.com/rotary_actuators/erob110i ; UM V3.42 (eRob_User_Manual_V3.42.pdf),Torque cols = parent actuator output (integrated limit).
zeroerr-erob110i-25-100-gbx,ZeroErr,eRob110i (25-100) (gearbox),extracted,zeroerr-erob110i-25-100,strain_wave,100,,,,87,204,,,110,80.2,,https://www.zeroerr.com/rotary_actuators/erob110i ; UM V3.42 (eRob_User_Manual_V3.42.pdf),Torque cols = parent actuator output (integrated limit).
zeroerr-erob110i-25-120-gbx,ZeroErr,eRob110i (25-120) (gearbox),extracted,zeroerr-erob110i-25-120,strain_wave,120,,,,87,217,,,110,80.2,,https://www.zeroerr.com/rotary_actuators/erob110i ; UM V3.42 (eRob_User_Manual_V3.42.pdf),Torque cols = parent actuator output (integrated limit).
zeroerr-erob110i-25-160-gbx,ZeroErr,eRob110i (25-160) (gearbox),extracted,zeroerr-erob110i-25-160,strain_wave,160,,,,87,229,,,110,80.2,,https://www.zeroerr.com/rotary_actuators/erob110i ; UM V3.42 (eRob_User_Manual_V3.42.pdf),Torque cols = parent actuator output (integrated limit).
zeroerr-erob142i-32-50-gbx,ZeroErr,eRob142i (32-50) (gearbox),extracted,zeroerr-erob142i-32-50,strain_wave,50,,,,99,281,,,142,133.9,,https://www.zeroerr.com/rotary_actuators/erob142i ; UM V3.42 (eRob_User_Manual_V3.42.pdf),Torque cols = parent actuator output (integrated limit).
zeroerr-erob142i-32-80-gbx,ZeroErr,eRob142i (32-80) (gearbox),extracted,zeroerr-erob142i-32-80,strain_wave,80,,,,153,395,,,142,133.9,,https://www.zeroerr.com/rotary_actuators/erob142i ; UM V3.42 (eRob_User_Manual_V3.42.pdf),Torque cols = parent actuator output (integrated limit).
zeroerr-erob142i-32-100-gbx,ZeroErr,eRob142i (32-100) (gearbox),extracted,zeroerr-erob142i-32-100,strain_wave,100,,,,178,433,,,142,133.9,,https://www.zeroerr.com/rotary_actuators/erob142i ; UM V3.42 (eRob_User_Manual_V3.42.pdf),Torque cols = parent actuator output (integrated limit).
zeroerr-erob142i-32-120-gbx,ZeroErr,eRob142i (32-120) (gearbox),extracted,zeroerr-erob142i-32-120,strain_wave,120,,,,178,459,,,142,133.9,,https://www.zeroerr.com/rotary_actuators/erob142i ; UM V3.42 (eRob_User_Manual_V3.42.pdf),Torque cols = parent actuator output (integrated limit).
zeroerr-erob142i-32-160-gbx,ZeroErr,eRob142i (32-160) (gearbox),extracted,zeroerr-erob142i-32-160,strain_wave,160,,,,178,484,,,142,133.9,,https://www.zeroerr.com/rotary_actuators/erob142i ; UM V3.42 (eRob_User_Manual_V3.42.pdf),Torque cols = parent actuator output (integrated limit).
zeroerr-erob170i-40-50-gbx,ZeroErr,eRob170i (40-50) (gearbox),extracted,zeroerr-erob170i-40-50,strain_wave,50,,,,137,402,,,170,144.9,,https://www.zeroerr.com/rotary_actuators/erob170i ; UM V3.42 (eRob_User_Manual_V3.42.pdf),Torque cols = parent actuator output (integrated limit).
zeroerr-erob170i-40-80-gbx,ZeroErr,eRob170i (40-80) (gearbox),extracted,zeroerr-erob170i-40-80,strain_wave,80,,,,206,519,,,170,144.9,,https://www.zeroerr.com/rotary_actuators/erob170i ; UM V3.42 (eRob_User_Manual_V3.42.pdf),Torque cols = parent actuator output (integrated limit).
zeroerr-erob170i-40-100-gbx,ZeroErr,eRob170i (40-100) (gearbox),extracted,zeroerr-erob170i-40-100,strain_wave,100,,,,265,568,,,170,144.9,,https://www.zeroerr.com/rotary_actuators/erob170i ; UM V3.42 (eRob_User_Manual_V3.42.pdf),Torque cols = parent actuator output (integrated limit).
zeroerr-erob170i-40-120-gbx,ZeroErr,eRob170i (40-120) (gearbox),extracted,zeroerr-erob170i-40-120,strain_wave,120,,,,294,617,,,170,144.9,,https://www.zeroerr.com/rotary_actuators/erob170i ; UM V3.42 (eRob_User_Manual_V3.42.pdf),Torque cols = parent actuator output (integrated limit).
zeroerr-erob170i-40-160-gbx,ZeroErr,eRob170i (40-160) (gearbox),extracted,zeroerr-erob170i-40-160,strain_wave,160,,,,294,647,,,170,144.9,,https://www.zeroerr.com/rotary_actuators/erob170i ; UM V3.42 (eRob_User_Manual_V3.42.pdf),Torque cols = parent actuator output (integrated limit).
mab-robotics-ma-h-gbx,MAB Robotics,MA-H (gearbox),extracted,mab-robotics-ma-h,strain_wave,50,,,0.1,,151,,,73,62,,MAB Robotics mabrobotics.pl fetched 2026-07-23,Torque cols = parent actuator output (integrated limit).
mab-robotics-ma-hs-h-ip66-gbx,MAB Robotics,MA-hs-h-IP66 (gearbox),extracted,mab-robotics-ma-hs-h-ip66,strain_wave,50,,,0.1,28,60,,,102,91,,MAB Robotics mabrobotics.pl fetched 2026-07-23,Torque cols = parent actuator output (integrated limit).
mab-robotics-ma-p-100-ip66-kv60-gbx,MAB Robotics,MA-p-100-IP66 (KV60) (gearbox),extracted,mab-robotics-ma-p-100-ip66-kv60,planetary,9,,,9,18,48,,,103,79.6,,MAB Robotics mabrobotics.pl fetched 2026-07-23,Torque cols = parent actuator output (integrated limit).
mab-robotics-ma-p-100-ip66-kv100-gbx,MAB Robotics,MA-p-100-IP66 (KV100) (gearbox),extracted,mab-robotics-ma-p-100-ip66-kv100,planetary,9,,,9,15,38,,,103,79.6,,MAB Robotics mabrobotics.pl fetched 2026-07-23,Torque cols = parent actuator output (integrated limit).
mab-robotics-ma-p-100-30-gbx,MAB Robotics,MA-p-100-30 (gearbox),extracted,mab-robotics-ma-p-100-30,planetary,30,,,18,50,150,,,98,67,,MAB Robotics mabrobotics.pl fetched 2026-07-23,Torque cols = parent actuator output (integrated limit).
mab-robotics-ma-p-45-10-gbx,MAB Robotics,MA-p-45-10 (gearbox),extracted,mab-robotics-ma-p-45-10,planetary,10,,,18,2.5,7,,,53,41.9,,MAB Robotics mabrobotics.pl fetched 2026-07-23,Torque cols = parent actuator output (integrated limit).
mab-robotics-ma-p-45-36-gbx,MAB Robotics,MA-p-45-36 (gearbox),extracted,mab-robotics-ma-p-45-36,planetary,36,,,18,8,24,,,55,54.4,,MAB Robotics mabrobotics.pl fetched 2026-07-23,Torque cols = parent actuator output (integrated limit).
mab-robotics-ma-p-40-10-gbx,MAB Robotics,MA-p-40-10 (gearbox),extracted,mab-robotics-ma-p-40-10,planetary,10,,,18,1.3,4.1,,,53,35.9,,MAB Robotics mabrobotics.pl fetched 2026-07-23,Torque cols = parent actuator output (integrated limit).
robstride-rs00-gbx,RobStride,RS00 (gearbox),extracted,robstride-rs00,planetary,10,,,,5,14,,,57,51,,RobStride RS00 User Manual (github.com/RobStride/Product_Information); OpenELAB guide; AliExpress official store 1103506059,Torque cols = parent actuator output (integrated limit).
robstride-rs01-gbx,RobStride,RS01 (gearbox),extracted,robstride-rs01,planetary,7.75,,,,6,17,,,78.5,40,,RobStride RS01 User Manual (github.com/RobStride/Product_Information); OpenELAB guide; AliExpress official store 1103506059,Torque cols = parent actuator output (integrated limit).
robstride-rs02-gbx,RobStride,RS02 (gearbox),extracted,robstride-rs02,planetary,7.75,,,,6,17,,,78.5,45.5,,RobStride RS02 User Manual (github.com/RobStride/Product_Information); OpenELAB guide; AliExpress official store 1103506059,Torque cols = parent actuator output (integrated limit).
robstride-rs03-gbx,RobStride,RS03 (gearbox),extracted,robstride-rs03,planetary,9,,,,20,60,,,106,56,,RobStride RS03 User Manual (github.com/RobStride/Product_Information); OpenELAB guide; AliExpress official store 1103506059,Torque cols = parent actuator output (integrated limit).
robstride-rs04-gbx,RobStride,RS04 (gearbox),extracted,robstride-rs04,planetary,9,,,,40,120,,,120,56,,RobStride RS04 User Manual (github.com/RobStride/Product_Information); OpenELAB guide; AliExpress official store 1103506059,Torque cols = parent actuator output (integrated limit).
robstride-rs05-gbx,RobStride,RS05 (gearbox),extracted,robstride-rs05,planetary,7.75,,,,1.6,5.5,,,46,44,,RobStride RS05 User Manual (github.com/RobStride/Product_Information); OpenELAB guide; AliExpress official store 1103506059,Torque cols = parent actuator output (integrated limit).
robstride-rs06-gbx,RobStride,RS06 (gearbox),extracted,robstride-rs06,planetary,9,,,,11,36,,,88,49,,RobStride RS06 User Manual (github.com/RobStride/Product_Information); OpenELAB guide; AliExpress official store 1103506059,Torque cols = parent actuator output (integrated limit).
steadywin-gim3505-8-gbx,SteadyWin,GIM3505-8 (gearbox),extracted,steadywin-gim3505-8,planetary,8,,,15,0.67,1.79,,,43,30,,SteadyWin Planetary Reduction Motor Selection Table (official steadywin-motor.com document-download); reseller https://openelab.io/products/steadywin-gim3505-8-planetary-gear-motor,Torque cols = parent actuator output (integrated limit).
steadywin-gim3510-8-gbx,SteadyWin,GIM3510-8 (gearbox),extracted,steadywin-gim3510-8,planetary,8,,,15,1,6.28,,,46,51.5,,SteadyWin Planetary Reduction Motor Selection Table (official steadywin-motor.com document-download); reseller https://openelab.io/products/steadywin-gim3510-8-robot-gear-motor-reducer-planetary,Torque cols = parent actuator output (integrated limit).
steadywin-gim3510-64-gbx,SteadyWin,GIM3510-64 (gearbox),extracted,steadywin-gim3510-64,planetary,64,,,15,9,50,,,46,77.5,,SteadyWin Planetary Reduction Motor Selection Table (official steadywin-motor.com document-download); reseller https://openelab.io/products/steadywin-gim3510-64-compact-can-servo-for-robotics,Torque cols = parent actuator output (integrated limit).
steadywin-gim4305-10-gbx,SteadyWin,GIM4305-10 (gearbox),extracted,steadywin-gim4305-10,planetary,10,,,15,1.05,3.82,,,53,32,,SteadyWin Planetary Reduction Motor Selection Table (official steadywin-motor.com document-download),Torque cols = parent actuator output (integrated limit).
steadywin-gim4310-10-gbx,SteadyWin,GIM4310-10 (gearbox),extracted,steadywin-gim4310-10,planetary,10,,,15,1.63,7.98,,,53,38,,SteadyWin Planetary Reduction Motor Selection Table (official steadywin-motor.com document-download); reseller https://openelab.io/products/steadywin-gim4310-10-joint-motor,Torque cols = parent actuator output (integrated limit).
steadywin-gim4310-36-gbx,SteadyWin,GIM4310-36 (gearbox),extracted,steadywin-gim4310-36,planetary,36,,,15,6.24,25.43,,,55,47,,SteadyWin Planetary Reduction Motor Selection Table (official steadywin-motor.com document-download),Torque cols = parent actuator output (integrated limit).
steadywin-gim4310-40-gbx,SteadyWin,GIM4310-40 (gearbox),extracted,steadywin-gim4310-40,planetary,40,,,15,8.5,30.59,,,57,56,,SteadyWin Planetary Reduction Motor Selection Table (official steadywin-motor.com document-download),Torque cols = parent actuator output (integrated limit).
steadywin-gim4315-8-gbx,SteadyWin,GIM4315-8 (gearbox),extracted,steadywin-gim4315-8,planetary,8,,,15,1.6,14.25,,,57,58,,SteadyWin Planetary Reduction Motor Selection Table (official steadywin-motor.com document-download); reseller https://openelab.io/products/steadywin-gim4315-8-brushless-actuator,Torque cols = parent actuator output (integrated limit).
steadywin-gim6010-6-gbx,SteadyWin,GIM6010-6 (gearbox),extracted,steadywin-gim6010-6,planetary,6,,,15,3.3,8,,,76,35,,SteadyWin Planetary Reduction Motor Selection Table (official steadywin-motor.com document-download),Torque cols = parent actuator output (integrated limit).
steadywin-gim6010-8-gbx,SteadyWin,GIM6010-8 (gearbox),extracted,steadywin-gim6010-8,planetary,8,,,15,5,11,,,80,40,,SteadyWin Planetary Reduction Motor Selection Table (official steadywin-motor.com document-download); reseller https://openelab.io/products/steadywin-gim6010-8-robot-motor,Torque cols = parent actuator output (integrated limit).
steadywin-gim6010-36-gbx,SteadyWin,GIM6010-36 (gearbox),extracted,steadywin-gim6010-36,planetary,36,,,15,18,41,,,76,56.50,,SteadyWin Planetary Reduction Motor Selection Table (official steadywin-motor.com document-download),Torque cols = parent actuator output (integrated limit).
steadywin-gim6010-48-gbx,SteadyWin,GIM6010-48 (gearbox),extracted,steadywin-gim6010-48,planetary,48,,,15,27,55.9,,,80,67.5,,SteadyWin Planetary Reduction Motor Selection Table (official steadywin-motor.com document-download),Torque cols = parent actuator output (integrated limit).
steadywin-gim8108-6-gbx,SteadyWin,GIM8108-6 (gearbox),extracted,steadywin-gim8108-6,planetary,6,,,15,5.18,26.32,,,96,41.5,,SteadyWin Planetary Reduction Motor Selection Table (official steadywin-motor.com document-download),Torque cols = parent actuator output (integrated limit).
steadywin-gim8108-8-gbx,SteadyWin,GIM8108-8 (gearbox),extracted,steadywin-gim8108-8,planetary,8,,,15,7.5,22,,,92,55,,SteadyWin Planetary Reduction Motor Selection Table (official steadywin-motor.com document-download); reseller https://openelab.io/products/steadywin-gim8108-8-robot-motor,Torque cols = parent actuator output (integrated limit).
steadywin-gim8108-9-gbx,SteadyWin,GIM8108-9 (gearbox),extracted,steadywin-gim8108-9,planetary,9,,,15,8.19,27.38,,,96,41.5,,SteadyWin Planetary Reduction Motor Selection Table (official steadywin-motor.com document-download),Torque cols = parent actuator output (integrated limit).
steadywin-gim8108-36-gbx,SteadyWin,GIM8108-36 (gearbox),extracted,steadywin-gim8108-36,planetary,36,,,15,32.76,109.5,,,96,57,,SteadyWin Planetary Reduction Motor Selection Table (official steadywin-motor.com document-download),Torque cols = parent actuator output (integrated limit).
steadywin-gim8108-48-gbx,SteadyWin,GIM8108-48 (gearbox),extracted,steadywin-gim8108-48,planetary,48,,,15,35.5,133.5,,,92,73,,SteadyWin Planetary Reduction Motor Selection Table (official steadywin-motor.com document-download); reseller https://openelab.io/products/steadywin-gim8108-48-robot-actuator,Torque cols = parent actuator output (integrated limit).
steadywin-gim8115-6-gbx,SteadyWin,GIM8115-6 (gearbox),extracted,steadywin-gim8115-6,planetary,6,,,15,8.59,36.94,,,96,48.5,,SteadyWin Planetary Reduction Motor Selection Table (official steadywin-motor.com document-download),Torque cols = parent actuator output (integrated limit).
steadywin-gim8115-9-gbx,SteadyWin,GIM8115-9 (gearbox),extracted,steadywin-gim8115-9,planetary,9,,,15,13,40,,,96,48.5,,SteadyWin Planetary Reduction Motor Selection Table (official steadywin-motor.com document-download); reseller https://openelab.io/products/steadywin-gim8115-9-torque-servo,Torque cols = parent actuator output (integrated limit).
steadywin-gim8115-36-gbx,SteadyWin,GIM8115-36 (gearbox),extracted,steadywin-gim8115-36,planetary,36,,,15,45.6,132,,,96,64,,SteadyWin Planetary Reduction Motor Selection Table (official steadywin-motor.com document-download),Torque cols = parent actuator output (integrated limit).
steadywin-gim10015-9-gbx,SteadyWin,GIM10015-9 (gearbox),extracted,steadywin-gim10015-9,planetary,9,,,15,30,62.1,,,122,57.5,,SteadyWin Planetary Reduction Motor Selection Table (official steadywin-motor.com document-download),Torque cols = parent actuator output (integrated limit).
mjbots-qdd100-beta-3-gbx,mjbots,qdd100 beta 3 (gearbox),extracted,mjbots-qdd100-beta-3,planetary,6,,,,3.3,16,,,100,44,,https://mjbots.com/products/qdd100-beta-3,Torque cols = parent actuator output (integrated limit).
maxon-hej-50-48-30-gbx,Maxon,HEJ 50-48-30 (gearbox),extracted,maxon-hej-50-48-30,planetary,,,,,11,28,,,71.5,65,,maxon datasheet HEJ 50-48-30 rev1.1,Torque cols = parent actuator output (integrated limit).
maxon-hej-70-48-60-gbx,Maxon,HEJ 70-48-60 (gearbox),extracted,maxon-hej-70-48-60,planetary,,,,,27,63,,,88,77,,maxon datasheet HEJ 70-48-60 rev1.2,Torque cols = parent actuator output (integrated limit).
maxon-hej-90-48-140-gbx,Maxon,HEJ 90-48-140 (gearbox),extracted,maxon-hej-90-48-140,planetary,,,,,75,140,,,108,90,,maxon datasheet HEJ 90-48-140 rev2.3,Torque cols = parent actuator output (integrated limit).
maxon-hpj-dt38s-wga14-gbx,Maxon,HPJ DT38S-WGA14 (gearbox),extracted,maxon-hpj-dt38s-wga14,strain_wave,14,,,,,12,,,74,74,,maxon robotics flyer rev1.6 (joint) + EC frameless DT brochure Jul2025 (motor Kt/R),Torque cols = parent actuator output (integrated limit).
maxon-hpj-dt38m-wgu14-gbx,Maxon,HPJ DT38M-WGU14 (gearbox),extracted,maxon-hpj-dt38m-wgu14,strain_wave,14,,,,,23,,,74,86,,maxon robotics flyer rev1.6 (joint) + EC frameless DT brochure Jul2025 (motor Kt/R),Torque cols = parent actuator output (integrated limit).
maxon-hpj-dt50s-wga20-gbx,Maxon,HPJ DT50S-WGA20 (gearbox),extracted,maxon-hpj-dt50s-wga20,strain_wave,20,,,,,39,,,94,81,,maxon robotics flyer rev1.6 (joint) + EC frameless DT brochure Jul2025 (motor Kt/R),Torque cols = parent actuator output (integrated limit).
maxon-hpj-dt50m-wgu20-gbx,Maxon,HPJ DT50M-WGU20 (gearbox),extracted,maxon-hpj-dt50m-wgu20,strain_wave,20,,,,,27,,,94,86,,maxon robotics flyer rev1.6 (joint) + EC frameless DT brochure Jul2025 (motor Kt/R),Torque cols = parent actuator output (integrated limit).
maxon-hpj-dt65s-wga25-gbx,Maxon,HPJ DT65S-WGA25 (gearbox),extracted,maxon-hpj-dt65s-wga25,strain_wave,25,,,,,69,,,114,90,,motor: maxon EC frameless DT brochure Jul2025 (verified); joint: prior DB (UNVERIFIED),Torque cols = parent actuator output (integrated limit).
maxon-hpj-dt65m-wgu25-gbx,Maxon,HPJ DT65M-WGU25 (gearbox),extracted,maxon-hpj-dt65m-wgu25,strain_wave,25,,,,,127,,,114,100,,motor: maxon EC frameless DT brochure Jul2025 (verified); joint: prior DB (UNVERIFIED),Torque cols = parent actuator output (integrated limit).
maxon-hpj-dt85m-wga32-gbx,Maxon,HPJ DT85M-WGA32 (gearbox),extracted,maxon-hpj-dt85m-wga32,strain_wave,32,,,,,151,,,146,107,,motor: maxon EC frameless DT brochure Jul2025 (verified); joint: prior DB (UNVERIFIED),Torque cols = parent actuator output (integrated limit).
maxon-hpj-dt85l-wgu32-gbx,Maxon,HPJ DT85L-WGU32 (gearbox),extracted,maxon-hpj-dt85l-wgu32,strain_wave,32,,,,,281,,,146,120,,motor: maxon EC frameless DT brochure Jul2025 (verified); joint: prior DB (UNVERIFIED),Torque cols = parent actuator output (integrated limit).
cubemars-ak60-6-v3-0-kv80-gbx,CubeMars,AK60-6 V3.0 KV80 (gearbox),extracted,cubemars-ak60-6-v3-0-kv80,planetary,6,,,,3,9,,,79,43,,https://www.cubemars.com/,Torque cols = parent actuator output (integrated limit).
cubemars-ak70-10-kv100-gbx,CubeMars,AK70-10 KV100 (gearbox),extracted,cubemars-ak70-10-kv100,planetary,10,,,,8.3,24.8,,,89,50.25,,https://www.cubemars.com/,Torque cols = parent actuator output (integrated limit).
cubemars-ak80-6-kv100-gbx,CubeMars,AK80-6 KV100 (gearbox),extracted,cubemars-ak80-6-kv100,planetary,6,,,,6,12,,,98,38.5,,https://www.cubemars.com/,Torque cols = parent actuator output (integrated limit).
cubemars-ak80-9-v3-0-kv100-gbx,CubeMars,AK80-9 V3.0 KV100 (gearbox),extracted,cubemars-ak80-9-v3-0-kv100,planetary,9,,,,9,22,,,98,38.5,,https://www.cubemars.com/,Torque cols = parent actuator output (integrated limit).
cubemars-ak10-9-v3-0-kv60-gbx,CubeMars,AK10-9 V3.0 KV60 (gearbox),extracted,cubemars-ak10-9-v3-0-kv60,planetary,9,,,,18,53,,,98,61.7,,https://www.cubemars.com/,Torque cols = parent actuator output (integrated limit).
cubemars-ak10-9-v2-0-kv60-gbx,CubeMars,AK10-9 V2.0 KV60 (gearbox),extracted,cubemars-ak10-9-v2-0-kv60,planetary,9,,,,18,48,,,98,61.7,,https://www.cubemars.com/,Torque cols = parent actuator output (integrated limit).
cubemars-ak80-8-kv60-gbx,CubeMars,AK80-8 KV60 (gearbox),extracted,cubemars-ak80-8-kv60,planetary,8,,,,10,25,,,98,43.9,,https://www.cubemars.com/,Torque cols = parent actuator output (integrated limit).
cubemars-ak80-64-kv80-gbx,CubeMars,AK80-64 KV80 (gearbox),extracted,cubemars-ak80-64-kv80,planetary,64,,,,48,120,,,98,61.9,,https://www.cubemars.com/,Torque cols = parent actuator output (integrated limit).
cubemars-ak70-9-v3-0-kv60-gbx,CubeMars,AK70-9 V3.0 KV60 (gearbox),extracted,cubemars-ak70-9-v3-0-kv60,planetary,9,,,,8.5,29.2,,,89,49,,https://www.cubemars.com/,Torque cols = parent actuator output (integrated limit).
cubemars-ak60-39-v3-0-kv80-gbx,CubeMars,AK60-39 V3.0 KV80 (gearbox),extracted,cubemars-ak60-39-v3-0-kv80,planetary,39,,,,24,72,,,79,67,,https://www.cubemars.com/,Torque cols = parent actuator output (integrated limit).
cubemars-ak45-36-v3-0-kv80-gbx,CubeMars,AK45-36 V3.0 KV80 (gearbox),extracted,cubemars-ak45-36-v3-0-kv80,planetary,36,,,,8,24,,,55,56.5,,https://www.cubemars.com/,Torque cols = parent actuator output (integrated limit).
cubemars-ak45-10-v3-0-kv75-gbx,CubeMars,AK45-10 V3.0 KV75 (gearbox),extracted,cubemars-ak45-10-v3-0-kv75,planetary,10,,,,2.5,7,,,53,45.2,,https://www.cubemars.com/,Torque cols = parent actuator output (integrated limit).
cubemars-ak40-10-v3-0-kv170-gbx,CubeMars,AK40-10 V3.0 KV170 (gearbox),extracted,cubemars-ak40-10-v3-0-kv170,planetary,10,,,,1.3,4.1,,,53,40.2,,https://www.cubemars.com/,Torque cols = parent actuator output (integrated limit).
cubemars-ak60-6-v1-1-kv80-gbx,CubeMars,AK60-6 V1.1 KV80 (gearbox),extracted,cubemars-ak60-6-v1-1-kv80,planetary,6,,,,3,9,,,79,39.5,,https://www.cubemars.com/,Torque cols = parent actuator output (integrated limit).
cubemars-ak60-6-v1-1-kv140-gbx,CubeMars,AK60-6 V1.1 KV140 (gearbox),extracted,cubemars-ak60-6-v1-1-kv140,planetary,6,,,,3,9,,,79,39.5,,https://www.cubemars.com/,Torque cols = parent actuator output (integrated limit).
cubemars-akh70-48-v1-0-kv41-gbx,CubeMars,AKH70-48 V1.0 KV41 (gearbox),extracted,cubemars-akh70-48-v1-0-kv41,planetary,48,,,,74,222,,,90,81.5,,https://www.cubemars.com/,Torque cols = parent actuator output (integrated limit).
cubemars-akh70-16-v1-0-kv41-gbx,CubeMars,AKH70-16 V1.0 KV41 (gearbox),extracted,cubemars-akh70-16-v1-0-kv41,planetary,16,,,,26,78,,,90,60.5,,https://www.cubemars.com/,Torque cols = parent actuator output (integrated limit).
cubemars-aka10-9-kv60-gbx,CubeMars,AKA10-9 KV60 (gearbox),extracted,cubemars-aka10-9-kv60,planetary,9,,,,18,53,,,100,70,,https://www.cubemars.com/,Torque cols = parent actuator output (integrated limit).
cubemars-aka60-6-kv80-gbx,CubeMars,AKA60-6 KV80 (gearbox),extracted,cubemars-aka60-6-kv80,planetary,6,,,,3,9,,,80,51.2,,https://www.cubemars.com/,Torque cols = parent actuator output (integrated limit).
cubemars-ake90-8-kv35-gbx,CubeMars,AKE90-8 KV35 (gearbox),extracted,cubemars-ake90-8-kv35,planetary,8,,,,55,170,,,107.5,43.5,,https://www.cubemars.com/,Torque cols = parent actuator output (integrated limit).
cubemars-ake80-8-kv30-gbx,CubeMars,AKE80-8 KV30 (gearbox),extracted,cubemars-ake80-8-kv30,planetary,8,,,,12,30,,,87,32,,https://www.cubemars.com/,Torque cols = parent actuator output (integrated limit).
cubemars-ake60-8-kv80-gbx,CubeMars,AKE60-8 KV80 (gearbox),extracted,cubemars-ake60-8-kv80,planetary,8,,,,5,12.5,,,69,25,,https://www.cubemars.com/,Torque cols = parent actuator output (integrated limit).
