motor_id,manufacturer,model,source_type,parent_actuator_id,Kt_raw_Nm_per_A,Kt_ref,Kv_raw,Kv_unit,Kv_ref,Kb_raw_Vs_per_rad,Kb_ref,R_raw_ohm,R_ref,L_raw_H,L_ref,Rotor_Inertia_kgm2,Pole_Pairs,Winding,Thermal_Resistance_C_per_W,Max_Winding_Temp_C,Ambient_ref_C,Cont_Current_A,Peak_Current_A,Voltage_rated_V,Mass_kg,Diameter_mm,Length_mm,Price_EUR,Source,Notes,Km_vendor_Nm_per_sqrtW,Ke_raw,Ke_unit,Elec_Time_Const_ms,Mech_Time_Const_ms,Backdrive_Torque_Nm,Rated_Current_A,No_Load_Speed_RPM,Insulation_Class,Operating_Temp_C
soceboz-fl102,Soceboz,FL102HSV14 (frameless motor only),standalone,,,,,,,,,,,,,,,unknown,,,,,,48,0.608,102,23,,guesstimate,"Frameless stator alone; motor-only ratings: 2.5 Nm rated / 7.5 Nm peak, 2000 rpm rated / 3100 max, 523 W. No electrical constants published.",,,,,,,,,,
tmotor-u8-kv100,T-Motor,U8 KV100,standalone,,,,100,rpm/V,ll,,,,,,,,,delta,,,,,,,,,,,Lee et al. 2023 arXiv:2310.00080 (III-A2 / App. F),"Paper's canonical drone-motor example: Kv reported line-to-line; delta assumed per Appendix F worked example (assumption, not confirmed by T-Motor). No phase R published, so Km is unavailable until R is added.",,,,,,,,,,
myactuator-m-0-8-0-61-4-3,MyActuator,"RMD-X2-P28-7-E (motor, extracted)",extracted,myactuator-rmd-x2-p28-7-e,0.8,output,4.3,Vdc/krpm (motor back-EMF const),motor (bus Vdc referenced),,,0.61,phase,,,,13,wye,,,,3,8.1,24.0,,,,,"https://dings-motion.squarespace.com/s/MyActuator-2025-product-manual.pdf (MyActuator 2025 General Catalog, p13-14)","Extracted motor (pre-gear) from MyActuator RMD-X2-P28-7-E. raw Kt_ref='output (module, after gearbox)'; raw R_ref='motor phase'. url:https://www.myactuator.com/x2-7details | datasheet:MyActuator-2025-product-manual.pdf",,,,,,,,,,
myactuator-m-0-8-0-32-6,MyActuator,"RMD-X4-P12-10-E (motor, extracted)",extracted,myactuator-rmd-x4-p12-10-e,0.8,output,6,Vdc/krpm (motor back-EMF const),motor (bus Vdc referenced),,,0.32,phase,,,,13,wye,,,,7.8,19.5,24.0,,,,,https://dings-motion.squarespace.com/s/MyActuator-2025-product-manual.pdf (2025 catalog p15-16),"Extracted motor (pre-gear) from MyActuator RMD-X4-P12-10-E. raw Kt_ref='output (module, after gearbox)'; raw R_ref='motor phase'. url:https://www.myactuator.com/x4-10details | datasheet:MyActuator-2025-product-manual.pdf",,,,,,,,,,
myactuator-m-1-9-0-35-6,MyActuator,"RMD-X4-P36-36-E (motor, extracted)",extracted,myactuator-rmd-x4-p36-36-e,1.9,output,6,Vdc/krpm (motor back-EMF const),motor (bus Vdc referenced),,,0.35,phase,,,,13,wye,,,,6.1,21.5,24.0,,,,,https://dings-motion.squarespace.com/s/MyActuator-2025-product-manual.pdf (2025 catalog p17-18),"Extracted motor (pre-gear) from MyActuator RMD-X4-P36-36-E. raw Kt_ref='output (module, after gearbox)'; raw R_ref='motor phase'. url:https://www.myactuator.com/x4-36details | datasheet:MyActuator-2025-product-manual.pdf",,,,,,,,,,
myactuator-m-1-3-1-1-19-4,MyActuator,"RMD-X6-P8-8-C (motor, extracted)",extracted,myactuator-rmd-x6-p8-8-c,1.3,output,19.4,Vdc/krpm (motor back-EMF const),motor (bus Vdc referenced),,,1.1,phase,,,,14,wye,,,,3.6,7.2,48.0,,,,,https://dings-motion.squarespace.com/s/MyActuator-2025-product-manual.pdf (2025 catalog p19-20),"Extracted motor (pre-gear) from MyActuator RMD-X6-P8-8-C. raw Kt_ref='output (module, after gearbox)'; raw R_ref='motor phase'. url:https://www.myactuator.com/x6-8-details | datasheet:MyActuator-2025-product-manual.pdf",,,,,,,,,,
myactuator-m-2-1-0-41-16,MyActuator,"RMD-X6-P20-60-E (motor, extracted)",extracted,myactuator-rmd-x6-p20-60-e,2.1,output,16,Vdc/krpm (motor back-EMF const),motor (bus Vdc referenced),,,0.41,phase,,,,10,wye,,,,9.5,29.1,48.0,,,,,https://dings-motion.squarespace.com/s/MyActuator-2025-product-manual.pdf (2025 catalog p21-22),"Extracted motor (pre-gear) from MyActuator RMD-X6-P20-60-E. raw Kt_ref='output (module, after gearbox)'; raw R_ref='motor phase'. url:https://www.myactuator.com/x6-60details | datasheet:MyActuator-2025-product-manual.pdf",,,,,,,,,,
myactuator-m-1-3-0-13-10-9,MyActuator,"RMD-X8-P9-32-R (motor, extracted)",extracted,myactuator-rmd-x8-p9-32-r,1.3,output,10.9,Vdc/krpm (motor back-EMF const),motor (bus Vdc referenced),,,0.13,phase,,,,21,unknown,,,,6.2,30,24.0,,,,,https://dings-motion.squarespace.com/s/MyActuator-2025-product-manual.pdf (2025 catalog p23-24),"Extracted motor (pre-gear) from MyActuator RMD-X8-P9-32-R. raw Kt_ref='output (module, after gearbox)'; raw R_ref='motor phase'. url:https://www.myactuator.com/x8-32-details | datasheet:MyActuator-2025-product-manual.pdf",,,,,,,,,,
myactuator-m-4-7-0-28-48-5,MyActuator,"RMD-X8-P9-50-C / -R (motor, extracted)",extracted,myactuator-rmd-x8-p9-50-c-r,4.7,output,48.5,Vdc/krpm (motor back-EMF const),motor (bus Vdc referenced),,,0.28,phase,,,,21,wye,,,,3.2,16,48.0,,,,,https://dings-motion.squarespace.com/s/MyActuator-2025-product-manual.pdf (2025 catalog p25-26),"Extracted motor (pre-gear) from MyActuator RMD-X8-P9-50-C / -R. raw Kt_ref='output (module, after gearbox)'; raw R_ref='motor phase'. url:https://www.myactuator.com/rmd-x-planetarymotor | datasheet:MyActuator-2025-product-manual.pdf",,,,,,,,,,
myactuator-m-2-4-0-18-19-2,MyActuator,"RMD-X8-P20-120-E (motor, extracted)",extracted,myactuator-rmd-x8-p20-120-e,2.4,output,19.2,Vdc/krpm (motor back-EMF const),motor (bus Vdc referenced),,,0.18,phase,,,,10,wye,,,,17.6,43.8,48.0,,,,,https://dings-motion.squarespace.com/s/MyActuator-2025-product-manual.pdf (2025 catalog p27-28),"Extracted motor (pre-gear) from MyActuator RMD-X8-P20-120-E. raw Kt_ref='output (module, after gearbox)'; raw R_ref='motor phase'. url:https://www.myactuator.com/x8-120details | datasheet:MyActuator-2025-product-manual.pdf",,,,,,,,,,
myactuator-m-3-3-0-12-17-9,MyActuator,"RMD-X12-P20-320-E (motor, extracted)",extracted,myactuator-rmd-x12-p20-320-e,3.3,output,17.9,Vdc/krpm (motor back-EMF const),motor (bus Vdc referenced),,,0.12,phase,,,,20,wye,,,,30,100,48.0,,,,,https://dings-motion.squarespace.com/s/MyActuator-2025-product-manual.pdf (2025 catalog p29-30); confirmed https://aifitlab.com/products/myactuator-rmd-x12-320-motor,"Extracted motor (pre-gear) from MyActuator RMD-X12-P20-320-E. raw Kt_ref='output (module, after gearbox)'; raw R_ref='motor phase'. url:https://www.myactuator.com/x12-320-details | datasheet:MyActuator-2025-product-manual.pdf",,,,,,,,,,
myactuator-m-5-8-0-08-29-9,MyActuator,"RMD-X15-P20-450-E (motor, extracted)",extracted,myactuator-rmd-x15-p20-450-e,5.8,output,29.9,Vdc/krpm (motor back-EMF const),motor (bus Vdc referenced),,,0.08,phase,,,,20,wye,,,,25,69.2,72.0,,,,,https://dings-motion.squarespace.com/s/MyActuator-2025-product-manual.pdf (2025 catalog p31-32),"Extracted motor (pre-gear) from MyActuator RMD-X15-P20-450-E. raw Kt_ref='output (module, after gearbox)'; raw R_ref='motor phase'. url:https://www.myactuator.com/x15-450-details | datasheet:MyActuator-2025-product-manual.pdf",,,,,,,,,,
myactuator-m-0-32-0-3-30,MyActuator,"RMD-X10-P7-40-R-N / -C-N (motor, extracted)",extracted,myactuator-rmd-x10-p7-40-r-n-c-n,0.32,unknown,30,rpm/V (motor speed const),motor,,,0.3,unknown,,,,21,unknown,,,,5.3,,48.0,,,,,"RMD-X10-40_datasheet.pdf (MyActuator V3 download RMD-X10 1:7 V3.pdf, Apr 2024)",Extracted motor (pre-gear) from MyActuator RMD-X10-P7-40-R-N / -C-N. raw Kt_ref='motor (before gearbox; motor torque const)'; raw R_ref='motor (wire resistance)'. url:https://www.myactuator.com/x10-40-details | datasheet:RMD-X10-40_datasheet.pdf,,,,,,,,,,
myactuator-m-3-65-2-7-12,MyActuator,"EPS-RH-11-80-C-N-D (motor, extracted)",extracted,myactuator-eps-rh-11-80-c-n-d,3.65,output,12,Vdc/krpm (motor back-EMF const),motor (bus Vdc referenced),,,2.7,phase,,,,13,wye,,,,1.4,5,24.0,,,,,https://dings-motion.squarespace.com/s/MyActuator-2025-product-manual.pdf (2025 catalog p35-36),"Extracted motor (pre-gear) from MyActuator EPS-RH-11-80-C-N-D. raw Kt_ref='output (module, after gearbox)'; raw R_ref='motor phase'. url:https://www.myactuator.com/rh-harmonicmotor | datasheet:MyActuator-2025-product-manual.pdf",,,,,,,,,,
myactuator-m-4-0-62-19-2,MyActuator,"EPS-RH-14-100-E-N-D (motor, extracted)",extracted,myactuator-eps-rh-14-100-e-n-d,4,output,19.2,Vdc/krpm (motor back-EMF const),motor (bus Vdc referenced),,,0.62,phase,,,,10,wye,,,,2.8,5.7,48.0,,,,,https://dings-motion.squarespace.com/s/MyActuator-2025-product-manual.pdf (2025 catalog p37-38),"Extracted motor (pre-gear) from MyActuator EPS-RH-14-100-E-N-D. raw Kt_ref='output (module, after gearbox)'; raw R_ref='motor phase'. url:https://www.myactuator.com/rh-14details | datasheet:MyActuator-2025-product-manual.pdf",,,,,,,,,,
myactuator-m-5-17-0-94-12-00,MyActuator,"EPS-RH-17-Lite-100-C-N-D (motor, extracted)",extracted,myactuator-eps-rh-17-lite-100-c-n-d,5.17,output,12.00,Vdc/krpm (motor back-EMF const),motor (bus Vdc referenced),,,0.94,phase,,,,10,wye,,,,5.0,12.6,24.0,,,,,https://dings-motion.squarespace.com/s/MyActuator-2025-product-manual.pdf (2025 catalog p39-40),"Extracted motor (pre-gear) from MyActuator EPS-RH-17-Lite-100-C-N-D. raw Kt_ref='output (module, after gearbox)'; raw R_ref='motor phase'. url:https://www.myactuator.com/rh-17details | datasheet:MyActuator-2025-product-manual.pdf",,,,,,,,,,
myactuator-m-7-4-0-7-19-2,MyActuator,"EPS-RH-17-100-E-N-D (motor, extracted)",extracted,myactuator-eps-rh-17-100-e-n-d,7.4,output,19.2,Vdc/krpm (motor back-EMF const),motor (bus Vdc referenced),,,0.7,phase,,,,10,wye,,,,4.7,7.4,48.0,,,,,https://dings-motion.squarespace.com/s/MyActuator-2025-product-manual.pdf (2025 catalog p41-42),"Extracted motor (pre-gear) from MyActuator EPS-RH-17-100-E-N-D. raw Kt_ref='output (module, after gearbox)'; raw R_ref='motor phase'. url:https://www.myactuator.com/rh-17details | datasheet:MyActuator-2025-product-manual.pdf",,,,,,,,,,
myactuator-m-7-3-0-36-19-2,MyActuator,"EPS-RH-20-100-E-N-D (motor, extracted)",extracted,myactuator-eps-rh-20-100-e-n-d,7.3,output,19.2,Vdc/krpm (motor back-EMF const),motor (bus Vdc referenced),,,0.36,phase,,,,10,wye,,,,6.8,10.6,48.0,,,,,https://dings-motion.squarespace.com/s/MyActuator-2025-product-manual.pdf (2025 catalog p43-44),"Extracted motor (pre-gear) from MyActuator EPS-RH-20-100-E-N-D. raw Kt_ref='output (module, after gearbox)'; raw R_ref='motor phase'. url:https://www.myactuator.com/rh-20details | datasheet:MyActuator-2025-product-manual.pdf",,,,,,,,,,
myactuator-m-10-1-0-16-19-2,MyActuator,"EPS-RH-25-100-E-N-D (motor, extracted)",extracted,myactuator-eps-rh-25-100-e-n-d,10.1,output,19.2,Vdc/krpm (motor back-EMF const),motor (bus Vdc referenced),,,0.16,phase,,,,10,wye,,,,10.6,14.1,48.0,,,,,https://dings-motion.squarespace.com/s/MyActuator-2025-product-manual.pdf (2025 catalog p45-46),"Extracted motor (pre-gear) from MyActuator EPS-RH-25-100-E-N-D. raw Kt_ref='output (module, after gearbox)'; raw R_ref='motor phase'. url:https://www.myactuator.com/rh-25details | datasheet:MyActuator-2025-product-manual.pdf",,,,,,,,,,
myactuator-m-6-9-0-08-26-7,MyActuator,"EPS-RH-32-100-E-N-D (motor, extracted)",extracted,myactuator-eps-rh-32-100-e-n-d,6.9,output,26.7,Vdc/krpm (motor back-EMF const),motor (bus Vdc referenced),,,0.08,phase,,,,10,wye,,,,21.8,32.1,48.0,,,,,https://dings-motion.squarespace.com/s/MyActuator-2025-product-manual.pdf (2025 catalog p47-48),"Extracted motor (pre-gear) from MyActuator EPS-RH-32-100-E-N-D. raw Kt_ref='output (module, after gearbox)'; raw R_ref='motor phase'. url:https://www.myactuator.com/rh-32details | datasheet:MyActuator-2025-product-manual.pdf",,,,,,,,,,
myactuator-m-0-28-1-14-34,MyActuator,"RMD-L-7015 (motor, extracted)",extracted,myactuator-rmd-l-7015,0.28,unknown,34,rpm/V,motor,,,1.14,phase,,,,14,unknown,,,,3.62,15,24.0,,,,,https://rcdrone.top/products/myactuator-l-7015-bldc-servo-motor ; https://www.dingsmotionusa.com/rmd-l-7015,"Extracted motor (pre-gear) from MyActuator RMD-L-7015. raw Kt_ref='motor (direct drive, ratio 1:1)'; raw R_ref='motor phase'. url:https://www.myactuator.com/l-7015-details",,,,,,,,,,
myactuator-m-0-45-1-51-21,MyActuator,"RMD-L-9015 (motor, extracted)",extracted,myactuator-rmd-l-9015,0.45,unknown,21,rpm/V,motor,,,1.51,phase,,,,14,unknown,,,,3.34,11,24.0,,,,,https://rcdrone.top/products/myactuator-l-9015-direct-drive-bldc-servo-motor ; https://www.dingsmotionusa.com/rmd-l-9015,"Extracted motor (pre-gear) from MyActuator RMD-L-9015. raw Kt_ref='motor (direct drive, ratio 1:1)'; raw R_ref='motor phase'. url:https://www.myactuator.com/l-9015-details",,,,,,,,,,
myactuator-m-0-76-1-9-12,MyActuator,"RMD-L-9025 (motor, extracted)",extracted,myactuator-rmd-l-9025,0.76,unknown,12,rpm/V,motor,,,1.9,phase,,,,14,unknown,,,,3.46,7.6,24.0,,,,,https://rcdrone.top/products/myactuator-l-9025-direct-drive-bldc-servo-motor ; https://www.dingsmotionusa.com/rmd-l-9025,"Extracted motor (pre-gear) from MyActuator RMD-L-9025. raw Kt_ref='motor (direct drive, ratio 1:1)'; raw R_ref='motor phase'. url:https://www.myactuator.com/l-9025-details",,,,,,,,,,
zeroerr-m-0-134-3-87-8,ZeroErr,"eRob70F (14-50) (motor, extracted)",extracted,zeroerr-erob70f-14-50,0.134,rms,8,V/kRPM,"line-to-line, +-5% (Table 25-1)",,,3.87,terminal_ll,,,,8,unknown,,,,1.91,5.9,48.0,,,,,https://www.zeroerr.com/rotary_actuators/erob70f ; UM V3.42 (eRob_User_Manual_V3.42.pdf),"Extracted motor (pre-gear) from ZeroErr eRob70F (14-50). raw Kt_ref='motor Nm/A_rms pre-gear (UM V3.42 Table 25-1); winding Y/D unstated; motor ver V3_MC2; output Kt=Kt*ratio*eta'; raw R_ref='line-to-line, +-10% (Table 25-1)'. url:https://www.zeroerr.com/rotary_actuators/erob70f | datasheet:eRob_i-type_parameter_sheet.pdf | Kt_ref corrected output->rms (motor Nm/A_rms, pre-gear)",,,,,,,,,,
zeroerr-m-0-132-2-0-8-3,ZeroErr,"eRob70i (14-50) (motor, extracted)",extracted,zeroerr-erob70i-14-50,0.132,rms,8.3,V/kRPM,"line-to-line, +-5% (Table 25-1)",,,2.0,terminal_ll,,,,8,unknown,,,,2.55,7.8,48.0,,,,,https://www.zeroerr.com/rotary_actuators/erob70i ; UM V3.42 (eRob_User_Manual_V3.42.pdf),"Extracted motor (pre-gear) from ZeroErr eRob70i (14-50). raw Kt_ref='motor Nm/A_rms pre-gear (UM V3.42 Table 25-1); winding Y/D unstated; motor ver V4_MC2; output Kt=Kt*ratio*eta'; raw R_ref='line-to-line, +-10% (Table 25-1)'. url:https://www.zeroerr.com/rotary_actuators/erob70i | datasheet:eRob_i-type_parameter_sheet.pdf | Kt_ref corrected output->rms (motor Nm/A_rms, pre-gear)",,,,,,,,,,
zeroerr-m-0-126-1-362-8-36,ZeroErr,"eRob80F (17-50) (motor, extracted)",extracted,zeroerr-erob80f-17-50,0.126,rms,8.36,V/kRPM,"line-to-line, +-5% (Table 25-1)",,,1.362,terminal_ll,,,,8,unknown,,,,3.6,10.8,48.0,,,,,https://www.zeroerr.com/rotary_actuators/erob80f ; UM V3.42 (eRob_User_Manual_V3.42.pdf),"Extracted motor (pre-gear) from ZeroErr eRob80F (17-50). raw Kt_ref='motor Nm/A_rms pre-gear (UM V3.42 Table 25-1); winding Y/D unstated; motor ver V4_MC2; output Kt=Kt*ratio*eta'; raw R_ref='line-to-line, +-10% (Table 25-1)'. url:https://www.zeroerr.com/rotary_actuators/erob80f | datasheet:eRob_i-type_parameter_sheet.pdf | Kt_ref corrected output->rms (motor Nm/A_rms, pre-gear)",,,,,,,,,,
zeroerr-m-0-134-0-76-8-1,ZeroErr,"eRob80i (17-50) (motor, extracted)",extracted,zeroerr-erob80i-17-50,0.134,rms,8.1,V/kRPM,"line-to-line, +-5% (Table 25-1)",,,0.76,terminal_ll,,,,8,unknown,,,,3.4,10.88,48.0,,,,,https://www.zeroerr.com/rotary_actuators/erob80i ; UM V3.42 (eRob_User_Manual_V3.42.pdf),"Extracted motor (pre-gear) from ZeroErr eRob80i (17-50). raw Kt_ref='motor Nm/A_rms pre-gear (UM V3.42 Table 25-1); winding Y/D unstated; motor ver V5_MC2; output Kt=Kt*ratio*eta'; raw R_ref='line-to-line, +-10% (Table 25-1)'. url:https://www.zeroerr.com/rotary_actuators/erob80i | datasheet:eRob_i-type_parameter_sheet.pdf | Kt_ref corrected output->rms (motor Nm/A_rms, pre-gear)",,,,,,,,,,
zeroerr-m-0-14-0-31-8-3,ZeroErr,"eRob90i (20-50) (motor, extracted)",extracted,zeroerr-erob90i-20-50,0.14,rms,8.3,V/kRPM,"line-to-line, +-5% (Table 25-1)",,,0.31,terminal_ll,,,,8,unknown,,,,6.7,21.44,48.0,,,,,https://www.zeroerr.com/rotary_actuators/erob90i ; UM V3.42 (eRob_User_Manual_V3.42.pdf),"Extracted motor (pre-gear) from ZeroErr eRob90i (20-50). raw Kt_ref='motor Nm/A_rms pre-gear (UM V3.42 Table 25-1); winding Y/D unstated; motor ver V3_MC2; output Kt=Kt*ratio*eta'; raw R_ref='line-to-line, +-10% (Table 25-1)'. url:https://www.zeroerr.com/rotary_actuators/erob90i | datasheet:eRob_i-type_parameter_sheet.pdf | Kt_ref corrected output->rms (motor Nm/A_rms, pre-gear)",,,,,,,,,,
zeroerr-m-0-134-0-084-8-1,ZeroErr,"eRob110i (25-50) (motor, extracted)",extracted,zeroerr-erob110i-25-50,0.134,rms,8.1,V/kRPM,"line-to-line, +-5% (Table 25-1)",,,0.084,terminal_ll,,,,8,unknown,,,,18.9,50,48.0,,,,,https://www.zeroerr.com/rotary_actuators/erob110i ; UM V3.42 (eRob_User_Manual_V3.42.pdf),"Extracted motor (pre-gear) from ZeroErr eRob110i (25-50). raw Kt_ref='motor Nm/A_rms pre-gear (UM V3.42 Table 25-1); winding Y/D unstated; motor ver V6_MC2; output Kt=Kt*ratio*eta'; raw R_ref='line-to-line, +-10% (Table 25-1)'. url:https://www.zeroerr.com/rotary_actuators/erob110i | datasheet:eRob_i-type_parameter_sheet.pdf | Kt_ref corrected output->rms (motor Nm/A_rms, pre-gear)",,,,,,,,,,
zeroerr-m-0-153-0-069-12-2,ZeroErr,"eRob142i (32-50) (motor, extracted)",extracted,zeroerr-erob142i-32-50,0.153,rms,12.2,V/kRPM,"line-to-line, +-5% (Table 25-1)",,,0.069,terminal_ll,,,,5,unknown,,,,26,56,48.0,,,,,https://www.zeroerr.com/rotary_actuators/erob142i ; UM V3.42 (eRob_User_Manual_V3.42.pdf),"Extracted motor (pre-gear) from ZeroErr eRob142i (32-50). raw Kt_ref='motor Nm/A_rms pre-gear (UM V3.42 Table 25-1); winding Y/D unstated; motor ver V3_MC1; output Kt=Kt*ratio*eta'; raw R_ref='line-to-line, +-10% (Table 25-1)'. url:https://www.zeroerr.com/rotary_actuators/erob142i | datasheet:eRob_i-type_parameter_sheet.pdf | Kt_ref corrected output->rms (motor Nm/A_rms, pre-gear)",,,,,,,,,,
mab-robotics-m-x-x-60,MAB Robotics,"MA-p-100-IP66 (KV60) (motor, extracted)",extracted,mab-robotics-ma-p-100-ip66-kv60,,unknown,60,rpm/V,unknown,,,,unknown,,,,,unknown,,,,,,48.0,,,,,MAB Robotics mabrobotics.pl fetched 2026-07-23,Extracted motor (pre-gear) from MAB Robotics MA-p-100-IP66 (KV60). raw Kt_ref='unknown'; raw R_ref='unknown'. url:https://www.mabrobotics.pl/product-page/ma-p-100-ip66,,,,,,,,,,
mab-robotics-m-x-x-100,MAB Robotics,"MA-p-100-IP66 (KV100) (motor, extracted)",extracted,mab-robotics-ma-p-100-ip66-kv100,,unknown,100,rpm/V,unknown,,,,unknown,,,,,unknown,,,,,,48.0,,,,,MAB Robotics mabrobotics.pl fetched 2026-07-23,Extracted motor (pre-gear) from MAB Robotics MA-p-100-IP66 (KV100). raw Kt_ref='unknown'; raw R_ref='unknown'. url:https://www.mabrobotics.pl/product-page/ma-p-100-ip66,,,,,,,,,,
robstride-m-1-48-x-9-5,RobStride,"RS00 (motor, extracted)",extracted,robstride-rs00,1.48,output,9.5,Vrms/kRPM,"back-EMF const (Ke); motor-shaft [inferred, frame unstated]",,,,unknown,,,,14,unknown,,,,4.7,15.5,60.0,,,,,RobStride RS00 User Manual (github.com/RobStride/Product_Information); OpenELAB guide; AliExpress official store 1103506059,Extracted motor (pre-gear) from RobStride RS00. raw Kt_ref='output-shaft; per Arms(RMS) [derived; datasheet states 'N.m/Arms' only]'; raw R_ref=''. url:https://www.robstride.com/products/robStride00 | datasheet:datasheets/robstride-steadywin/robstride_RS00_user_manual.pdf,,,,,,,,,,
robstride-m-1-22-0-58-9-6,RobStride,"RS01 (motor, extracted)",extracted,robstride-rs01,1.22,output,9.6,Vrms/kRPM,"back-EMF const (Ke); motor-shaft [inferred, frame unstated]",,,0.58,terminal_ll,,,,14,unknown,,,,7,23,48.0,,,,,RobStride RS01 User Manual (github.com/RobStride/Product_Information); OpenELAB guide; AliExpress official store 1103506059,Extracted motor (pre-gear) from RobStride RS01. raw Kt_ref='output-shaft; per Arms(RMS) [derived; datasheet states 'N.m/Arms' only]'; raw R_ref='line-to-line'. url:https://www.robstride.com/products/robStride01 | datasheet:datasheets/robstride-steadywin/robstride_RS01_user_manual.pdf,,,,,,,,,,
robstride-m-1-22-x-9-6,RobStride,"RS02 (motor, extracted)",extracted,robstride-rs02,1.22,output,9.6,Vrms/kRPM,"back-EMF const (Ke); motor-shaft [inferred, frame unstated]",,,,unknown,,,,14,unknown,,,,7,23,60.0,,,,,RobStride RS02 User Manual (github.com/RobStride/Product_Information); OpenELAB guide; AliExpress official store 1103506059,Extracted motor (pre-gear) from RobStride RS02. raw Kt_ref='output-shaft; per Arms(RMS) [derived; datasheet states 'N.m/Arms' only]'; raw R_ref=''. url:https://www.robstride.com/products/robStride02 | datasheet:datasheets/robstride-steadywin/robstride_RS02_user_manual.pdf,,,,,,,,,,
robstride-m-2-36-0-39-17,RobStride,"RS03 (motor, extracted)",extracted,robstride-rs03,2.36,output,17,Vrms/kRPM,"back-EMF const (Ke); motor-shaft [inferred, frame unstated]",,,0.39,terminal_ll,,,,21,unknown,,,,12,43,60.0,,,,,RobStride RS03 User Manual (github.com/RobStride/Product_Information); OpenELAB guide; AliExpress official store 1103506059,Extracted motor (pre-gear) from RobStride RS03. raw Kt_ref='output-shaft; per Arms(RMS) [derived; datasheet states 'N.m/Arms' only]'; raw R_ref='line-to-line'. url:https://www.robstride.com/products/robStride03 | datasheet:datasheets/robstride-steadywin/robstride_RS03_user_manual.pdf,,,,,,,,,,
robstride-m-2-1-0-16-16-9,RobStride,"RS04 (motor, extracted)",extracted,robstride-rs04,2.1,output,16.9,Vrms/kRPM,"back-EMF const (Ke); motor-shaft [inferred, frame unstated]",,,0.16,terminal_ll,,,,21,unknown,,,,27,90,60.0,,,,,RobStride RS04 User Manual (github.com/RobStride/Product_Information); OpenELAB guide; AliExpress official store 1103506059,Extracted motor (pre-gear) from RobStride RS04. raw Kt_ref='output-shaft; per Arms(RMS) [derived; datasheet states 'N.m/Arms' only]'; raw R_ref='line-to-line'. url:https://www.robstride.com/products/robStride04 | datasheet:datasheets/robstride-steadywin/robstride_RS04_user_manual.pdf,,,,,,,,,,
robstride-m-0-94-x-7-4,RobStride,"RS05 (motor, extracted)",extracted,robstride-rs05,0.94,output,7.4,Vrms/kRPM,"back-EMF const (Ke); motor-shaft [inferred, frame unstated]",,,,unknown,,,,,unknown,,,,2.4,11,60.0,,,,,RobStride RS05 User Manual (github.com/RobStride/Product_Information); OpenELAB guide; AliExpress official store 1103506059,Extracted motor (pre-gear) from RobStride RS05. raw Kt_ref='output-shaft; per Arms(RMS) [derived; datasheet states 'N.m/Arms' only]'; raw R_ref=''. url:https://www.robstride.com/products/robStride05 | datasheet:datasheets/robstride-steadywin/robstride_RS05_user_manual.pdf,,,,,,,,,,
robstride-m-1-09-x-7-6,RobStride,"RS06 (motor, extracted)",extracted,robstride-rs06,1.09,output,7.6,Vrms/kRPM,"back-EMF const (Ke); motor-shaft [inferred, frame unstated]",,,,unknown,,,,14,unknown,,,,14.3,57.0,60.0,,,,,RobStride RS06 User Manual (github.com/RobStride/Product_Information); OpenELAB guide; AliExpress official store 1103506059,Extracted motor (pre-gear) from RobStride RS06. raw Kt_ref='output-shaft; per Arms(RMS) [derived; datasheet states 'N.m/Arms' only]'; raw R_ref=''. url:https://www.robstride.com/products/robStride06 | datasheet:datasheets/robstride-steadywin/robstride_RS06_user_manual.pdf,,,,,,,,,,
steadywin-m-0-44-5-473-16-6667,SteadyWin,"GIM3505-8 (motor, extracted)",extracted,steadywin-gim3505-8,0.44,output,16.6667,rpm/V,unknown (table: 'Speed constant rpm/V'; appears output-referenced),,,5.473,terminal_ll,,,,11,wye,,,,1.53,3.99,40.0,,,,,SteadyWin Planetary Reduction Motor Selection Table (official steadywin-motor.com document-download); reseller https://openelab.io/products/steadywin-gim3505-8-planetary-gear-motor,"Extracted motor (pre-gear) from SteadyWin GIM3505-8. raw Kt_ref='unknown (table: 'Torque constant N.M/A'; motor/output frame unspecified)'; raw R_ref='phase-to-phase'. url:https://steadywin-motor.com/products/gim3505-8 | datasheet:datasheets/robstride-steadywin/steadywin_planetary_reduction_motor_selection_table.xlsx | R_ref corrected phase->terminal_ll (phase-to-phase). Kt confirmed OUTPUT-referenced by torque test (Kt*I~=peak torque), so motor Km not derivable.",,,,,,,,,,
steadywin-m-0-26-0-515-24-5,SteadyWin,"GIM3510-8 (motor, extracted)",extracted,steadywin-gim3510-8,0.26,output,24.5,rpm/V,unknown (table: 'Speed constant rpm/V'; appears output-referenced),,,0.515,terminal_ll,,,,7,delta,,,,3.3,28.94,40.0,,,,,SteadyWin Planetary Reduction Motor Selection Table (official steadywin-motor.com document-download); reseller https://openelab.io/products/steadywin-gim3510-8-robot-gear-motor-reducer-planetary,"Extracted motor (pre-gear) from SteadyWin GIM3510-8. raw Kt_ref='unknown (table: 'Torque constant N.M/A'; motor/output frame unspecified)'; raw R_ref='phase-to-phase'. url:https://steadywin-motor.com | datasheet:datasheets/robstride-steadywin/steadywin_planetary_reduction_motor_selection_table.xlsx | R_ref corrected phase->terminal_ll (phase-to-phase). Kt confirmed OUTPUT-referenced by torque test (Kt*I~=peak torque), so motor Km not derivable.",,,,,,,,,,
steadywin-m-2-84-0-515-3-0833,SteadyWin,"GIM3510-64 (motor, extracted)",extracted,steadywin-gim3510-64,2.84,output,3.0833,rpm/V,unknown (table: 'Speed constant rpm/V'; appears output-referenced),,,0.515,terminal_ll,,,,7,delta,,,,3.41,25.28,40.0,,,,,SteadyWin Planetary Reduction Motor Selection Table (official steadywin-motor.com document-download); reseller https://openelab.io/products/steadywin-gim3510-64-compact-can-servo-for-robotics,"Extracted motor (pre-gear) from SteadyWin GIM3510-64. raw Kt_ref='unknown (table: 'Torque constant N.M/A'; motor/output frame unspecified)'; raw R_ref='phase-to-phase'. url:https://steadywin-motor.com | datasheet:datasheets/robstride-steadywin/steadywin_planetary_reduction_motor_selection_table.xlsx | R_ref corrected phase->terminal_ll (phase-to-phase). Kt confirmed OUTPUT-referenced by torque test (Kt*I~=peak torque), so motor Km not derivable.",,,,,,,,,,
steadywin-m-0-39-1-113-16-75,SteadyWin,"GIM4305-10 (motor, extracted)",extracted,steadywin-gim4305-10,0.39,output,16.75,rpm/V,unknown (table: 'Speed constant rpm/V'; appears output-referenced),,,1.113,terminal_ll,,,,14,wye,,,,2.18,14.99,40.0,,,,,SteadyWin Planetary Reduction Motor Selection Table (official steadywin-motor.com document-download),"Extracted motor (pre-gear) from SteadyWin GIM4305-10. raw Kt_ref='unknown (table: 'Torque constant N.M/A'; motor/output frame unspecified)'; raw R_ref='phase-to-phase'. url:https://steadywin-motor.com | datasheet:datasheets/robstride-steadywin/steadywin_planetary_reduction_motor_selection_table.xlsx | R_ref corrected phase->terminal_ll (phase-to-phase). Kt confirmed OUTPUT-referenced by torque test (Kt*I~=peak torque), so motor Km not derivable.",,,,,,,,,,
steadywin-m-2-61-1-961-8-8333,SteadyWin,"GIM4310-10 (motor, extracted)",extracted,steadywin-gim4310-10,2.61,output,8.8333,rpm/V,unknown (table: 'Speed constant rpm/V'; appears output-referenced),,,1.961,terminal_ll,,,,14,wye,,,,1.3,10.67,40.0,,,,,SteadyWin Planetary Reduction Motor Selection Table (official steadywin-motor.com document-download); reseller https://openelab.io/products/steadywin-gim4310-10-joint-motor,"Extracted motor (pre-gear) from SteadyWin GIM4310-10. raw Kt_ref='unknown (table: 'Torque constant N.M/A'; motor/output frame unspecified)'; raw R_ref='phase-to-phase'. url:https://steadywin-motor.com | datasheet:datasheets/robstride-steadywin/steadywin_planetary_reduction_motor_selection_table.xlsx | R_ref corrected phase->terminal_ll (phase-to-phase). Kt confirmed OUTPUT-referenced by torque test (Kt*I~=peak torque), so motor Km not derivable.",,,,,,,,,,
steadywin-m-3-19-1-8596-2-675,SteadyWin,"GIM4310-36 (motor, extracted)",extracted,steadywin-gim4310-36,3.19,output,2.675,rpm/V,unknown (table: 'Speed constant rpm/V'; appears output-referenced),,,1.8596,terminal_ll,,,,14,wye,,,,1.83,10.57,40.0,,,,,SteadyWin Planetary Reduction Motor Selection Table (official steadywin-motor.com document-download),"Extracted motor (pre-gear) from SteadyWin GIM4310-36. raw Kt_ref='unknown (table: 'Torque constant N.M/A'; motor/output frame unspecified)'; raw R_ref='phase-to-phase'. url:https://steadywin-motor.com | datasheet:datasheets/robstride-steadywin/steadywin_planetary_reduction_motor_selection_table.xlsx | R_ref corrected phase->terminal_ll (phase-to-phase). Kt confirmed OUTPUT-referenced by torque test (Kt*I~=peak torque), so motor Km not derivable.",,,,,,,,,,
steadywin-m-1-7889-0-269-3-5833,SteadyWin,"GIM4310-40 (motor, extracted)",extracted,steadywin-gim4310-40,1.7889,output,3.5833,rpm/V,unknown (table: 'Speed constant rpm/V'; appears output-referenced),,,0.269,terminal_ll,,,,14,wye,,,,3.7,17.1,40.0,,,,,SteadyWin Planetary Reduction Motor Selection Table (official steadywin-motor.com document-download),"Extracted motor (pre-gear) from SteadyWin GIM4310-40. raw Kt_ref='unknown (table: 'Torque constant N.M/A'; motor/output frame unspecified)'; raw R_ref='phase-to-phase'. url:https://steadywin-motor.com | datasheet:datasheets/robstride-steadywin/steadywin_planetary_reduction_motor_selection_table.xlsx | R_ref corrected phase->terminal_ll (phase-to-phase). Kt confirmed OUTPUT-referenced by torque test (Kt*I~=peak torque), so motor Km not derivable.",,,,,,,,,,
steadywin-m-0-96-1-5-16-875,SteadyWin,"GIM4315-8 (motor, extracted)",extracted,steadywin-gim4315-8,0.96,output,16.875,rpm/V,unknown (table: 'Speed constant rpm/V'; appears output-referenced),,,1.5,terminal_ll,,,,14,delta,,,,1.86,19.5,40.0,,,,,SteadyWin Planetary Reduction Motor Selection Table (official steadywin-motor.com document-download); reseller https://openelab.io/products/steadywin-gim4315-8-brushless-actuator,"Extracted motor (pre-gear) from SteadyWin GIM4315-8. raw Kt_ref='unknown (table: 'Torque constant N.M/A'; motor/output frame unspecified)'; raw R_ref='phase-to-phase'. url:https://steadywin-motor.com | datasheet:datasheets/robstride-steadywin/steadywin_planetary_reduction_motor_selection_table.xlsx | R_ref corrected phase->terminal_ll (phase-to-phase). Kt confirmed OUTPUT-referenced by torque test (Kt*I~=peak torque), so motor Km not derivable.",,,,,,,,,,
steadywin-m-0-34-0-55-18-75,SteadyWin,"GIM6010-6 (motor, extracted)",extracted,steadywin-gim6010-6,0.34,output,18.75,rpm/V,unknown (table: 'Speed constant rpm/V'; appears output-referenced),,,0.55,terminal_ll,,,,14,delta,,,,9.7,23.5294,48.0,,,,,SteadyWin Planetary Reduction Motor Selection Table (official steadywin-motor.com document-download),"Extracted motor (pre-gear) from SteadyWin GIM6010-6. raw Kt_ref='unknown (table: 'Torque constant N.M/A'; motor/output frame unspecified)'; raw R_ref='phase-to-phase'. url:https://steadywin-motor.com/products/gim6010-6 | datasheet:datasheets/robstride-steadywin/steadywin_planetary_reduction_motor_selection_table.xlsx | R_ref corrected phase->terminal_ll (phase-to-phase). Kt confirmed OUTPUT-referenced by torque test (Kt*I~=peak torque), so motor Km not derivable.",,,,,,,,,,
steadywin-m-0-47-0-44-11-5417,SteadyWin,"GIM6010-8 (motor, extracted)",extracted,steadywin-gim6010-8,0.47,output,11.5417,rpm/V,unknown (table: 'Speed constant rpm/V'; appears output-referenced),,,0.44,terminal_ll,,,,14,wye,,,,10.5,23.4043,56.0,,,,,SteadyWin Planetary Reduction Motor Selection Table (official steadywin-motor.com document-download); reseller https://openelab.io/products/steadywin-gim6010-8-robot-motor,"Extracted motor (pre-gear) from SteadyWin GIM6010-8. raw Kt_ref='unknown (table: 'Torque constant N.M/A'; motor/output frame unspecified)'; raw R_ref='phase-to-phase'. url:https://steadywin-motor.com/products/built-in-star-gear-motor-motor-robot-joint-driver-actuator-controller-motor | datasheet:datasheets/robstride-steadywin/steadywin_planetary_reduction_motor_selection_table.xlsx | R_ref corrected phase->terminal_ll (phase-to-phase). Kt confirmed OUTPUT-referenced by torque test (Kt*I~=peak torque), so motor Km not derivable.",,,,,,,,,,
steadywin-m-4-38-0-6-2-1875,SteadyWin,"GIM6010-36 (motor, extracted)",extracted,steadywin-gim6010-36,4.38,output,2.1875,rpm/V,unknown (table: 'Speed constant rpm/V'; appears output-referenced),,,0.6,terminal_ll,,,,14,wye,,,,4.6,9.3,48.0,,,,,SteadyWin Planetary Reduction Motor Selection Table (official steadywin-motor.com document-download),"Extracted motor (pre-gear) from SteadyWin GIM6010-36. raw Kt_ref='unknown (table: 'Torque constant N.M/A'; motor/output frame unspecified)'; raw R_ref='phase-to-phase'. url:https://steadywin-motor.com | datasheet:datasheets/robstride-steadywin/steadywin_planetary_reduction_motor_selection_table.xlsx | R_ref corrected phase->terminal_ll (phase-to-phase). Kt confirmed OUTPUT-referenced by torque test (Kt*I~=peak torque), so motor Km not derivable.",,,,,,,,,,
steadywin-m-4-53-0-42-1-9792,SteadyWin,"GIM6010-48 (motor, extracted)",extracted,steadywin-gim6010-48,4.53,output,1.9792,rpm/V,unknown (table: 'Speed constant rpm/V'; appears output-referenced),,,0.42,terminal_ll,,,,14,wye,,,,6.5,13.5,40.0,,,,,SteadyWin Planetary Reduction Motor Selection Table (official steadywin-motor.com document-download),"Extracted motor (pre-gear) from SteadyWin GIM6010-48. raw Kt_ref='unknown (table: 'Torque constant N.M/A'; motor/output frame unspecified)'; raw R_ref='phase-to-phase'. url:https://steadywin-motor.com | datasheet:datasheets/robstride-steadywin/steadywin_planetary_reduction_motor_selection_table.xlsx | R_ref corrected phase->terminal_ll (phase-to-phase). Kt confirmed OUTPUT-referenced by torque test (Kt*I~=peak torque), so motor Km not derivable.",,,,,,,,,,
steadywin-m-0-98-0-774-7-75,SteadyWin,"GIM8108-6 (motor, extracted)",extracted,steadywin-gim8108-6,0.98,output,7.75,rpm/V,unknown (table: 'Speed constant rpm/V'; appears output-referenced),,,0.774,terminal_ll,,,,21,wye,,,,4.65,47.37,48.0,,,,,SteadyWin Planetary Reduction Motor Selection Table (official steadywin-motor.com document-download),"Extracted motor (pre-gear) from SteadyWin GIM8108-6. raw Kt_ref='unknown (table: 'Torque constant N.M/A'; motor/output frame unspecified)'; raw R_ref='phase-to-phase'. url:https://steadywin-motor.com/products/cheetah-quadruped-robot-dog-high-torque-brushless-reduce-gear-motor-exoskeleton-industrial-robot-arm | datasheet:datasheets/robstride-steadywin/steadywin_planetary_reduction_motor_selection_table.xlsx | R_ref corrected phase->terminal_ll (phase-to-phase). Kt confirmed OUTPUT-referenced by torque test (Kt*I~=peak torque), so motor Km not derivable.",,,,,,,,,,
steadywin-m-1-0-67-6-0417,SteadyWin,"GIM8108-8 (motor, extracted)",extracted,steadywin-gim8108-8,1,output,6.0417,rpm/V,unknown (table: 'Speed constant rpm/V'; appears output-referenced),,,0.67,terminal_ll,,,,21,wye,,,,7,22,56.0,,,,,SteadyWin Planetary Reduction Motor Selection Table (official steadywin-motor.com document-download); reseller https://openelab.io/products/steadywin-gim8108-8-robot-motor,"Extracted motor (pre-gear) from SteadyWin GIM8108-8. raw Kt_ref='unknown (table: 'Torque constant N.M/A'; motor/output frame unspecified)'; raw R_ref='phase-to-phase'. url:https://steadywin-motor.com/products/planetary-reduction-motor-robot-dog-humanoid-robot-joint-module-flat-thin-large-torque | datasheet:datasheets/robstride-steadywin/steadywin_planetary_reduction_motor_selection_table.xlsx | R_ref corrected phase->terminal_ll (phase-to-phase). Kt confirmed OUTPUT-referenced by torque test (Kt*I~=peak torque), so motor Km not derivable.",,,,,,,,,,
steadywin-m-1-83-0-73-5-0417,SteadyWin,"GIM8108-9 (motor, extracted)",extracted,steadywin-gim8108-9,1.83,output,5.0417,rpm/V,unknown (table: 'Speed constant rpm/V'; appears output-referenced),,,0.73,terminal_ll,,,,21,wye,,,,4,19.8,48.0,,,,,SteadyWin Planetary Reduction Motor Selection Table (official steadywin-motor.com document-download),"Extracted motor (pre-gear) from SteadyWin GIM8108-9. raw Kt_ref='unknown (table: 'Torque constant N.M/A'; motor/output frame unspecified)'; raw R_ref='phase-to-phase'. url:https://steadywin-motor.com/products/bipedal-wheeled-high-torque-mechanical-dog-assisted-rehabilitation-exoskeleton-system-high-precision-driver | datasheet:datasheets/robstride-steadywin/steadywin_planetary_reduction_motor_selection_table.xlsx | R_ref corrected phase->terminal_ll (phase-to-phase). Kt confirmed OUTPUT-referenced by torque test (Kt*I~=peak torque), so motor Km not derivable.",,,,,,,,,,
steadywin-m-7-32-0-72-1-25,SteadyWin,"GIM8108-36 (motor, extracted)",extracted,steadywin-gim8108-36,7.32,output,1.25,rpm/V,unknown (table: 'Speed constant rpm/V'; appears output-referenced),,,0.72,terminal_ll,,,,21,wye,,,,4,19.8,48.0,,,,,SteadyWin Planetary Reduction Motor Selection Table (official steadywin-motor.com document-download),"Extracted motor (pre-gear) from SteadyWin GIM8108-36. raw Kt_ref='unknown (table: 'Torque constant N.M/A'; motor/output frame unspecified)'; raw R_ref='phase-to-phase'. url:https://steadywin-motor.com | datasheet:datasheets/robstride-steadywin/steadywin_planetary_reduction_motor_selection_table.xlsx | R_ref corrected phase->terminal_ll (phase-to-phase). Kt confirmed OUTPUT-referenced by torque test (Kt*I~=peak torque), so motor Km not derivable.",,,,,,,,,,
steadywin-m-7-1-0-735-1-0625,SteadyWin,"GIM8108-48 (motor, extracted)",extracted,steadywin-gim8108-48,7.1,output,1.0625,rpm/V,unknown (table: 'Speed constant rpm/V'; appears output-referenced),,,0.735,terminal_ll,,,,21,wye,,,,4.41,20.2,36.0,,,,,SteadyWin Planetary Reduction Motor Selection Table (official steadywin-motor.com document-download); reseller https://openelab.io/products/steadywin-gim8108-48-robot-actuator,"Extracted motor (pre-gear) from SteadyWin GIM8108-48. raw Kt_ref='unknown (table: 'Torque constant N.M/A'; motor/output frame unspecified)'; raw R_ref='phase-to-phase'. url:https://steadywin-motor.com | datasheet:datasheets/robstride-steadywin/steadywin_planetary_reduction_motor_selection_table.xlsx | R_ref corrected phase->terminal_ll (phase-to-phase). Kt confirmed OUTPUT-referenced by torque test (Kt*I~=peak torque), so motor Km not derivable.",,,,,,,,,,
steadywin-m-0-67-0-364-8-2917,SteadyWin,"GIM8115-6 (motor, extracted)",extracted,steadywin-gim8115-6,0.67,output,8.2917,rpm/V,unknown (table: 'Speed constant rpm/V'; appears output-referenced),,,0.364,terminal_ll,,,,21,delta,,,,8.1,44.28,48.0,,,,,SteadyWin Planetary Reduction Motor Selection Table (official steadywin-motor.com document-download),"Extracted motor (pre-gear) from SteadyWin GIM8115-6. raw Kt_ref='unknown (table: 'Torque constant N.M/A'; motor/output frame unspecified)'; raw R_ref='phase-to-phase'. url:https://steadywin-motor.com/products/high-precision-and-high-torque-mechanical-dog-joint-actuator-with-high-performance-built-in-driver | datasheet:datasheets/robstride-steadywin/steadywin_planetary_reduction_motor_selection_table.xlsx | R_ref corrected phase->terminal_ll (phase-to-phase). Kt confirmed OUTPUT-referenced by torque test (Kt*I~=peak torque), so motor Km not derivable.",,,,,,,,,,
steadywin-m-1-62-0-28-5-375,SteadyWin,"GIM8115-9 (motor, extracted)",extracted,steadywin-gim8115-9,1.62,output,5.375,rpm/V,unknown (table: 'Speed constant rpm/V'; appears output-referenced),,,0.28,terminal_ll,,,,21,delta,,,,7.9,24.6914,48.0,,,,,SteadyWin Planetary Reduction Motor Selection Table (official steadywin-motor.com document-download); reseller https://openelab.io/products/steadywin-gim8115-9-torque-servo,"Extracted motor (pre-gear) from SteadyWin GIM8115-9. raw Kt_ref='unknown (table: 'Torque constant N.M/A'; motor/output frame unspecified)'; raw R_ref='phase-to-phase'. url:https://steadywin-motor.com/products/biped-wheeled-large-torque-mechanical-dog-joint-actuator-high-performance-built-in-driver-1 | datasheet:datasheets/robstride-steadywin/steadywin_planetary_reduction_motor_selection_table.xlsx | R_ref corrected phase->terminal_ll (phase-to-phase). Kt confirmed OUTPUT-referenced by torque test (Kt*I~=peak torque), so motor Km not derivable.",,,,,,,,,,
steadywin-m-6-56-0-98-1-3333,SteadyWin,"GIM8115-36 (motor, extracted)",extracted,steadywin-gim8115-36,6.56,output,1.3333,rpm/V,unknown (table: 'Speed constant rpm/V'; appears output-referenced),,,0.98,terminal_ll,,,,21,delta,,,,6.8,20.5,48.0,,,,,SteadyWin Planetary Reduction Motor Selection Table (official steadywin-motor.com document-download),"Extracted motor (pre-gear) from SteadyWin GIM8115-36. raw Kt_ref='unknown (table: 'Torque constant N.M/A'; motor/output frame unspecified)'; raw R_ref='phase-to-phase'. url:https://steadywin-motor.com | datasheet:datasheets/robstride-steadywin/steadywin_planetary_reduction_motor_selection_table.xlsx | R_ref corrected phase->terminal_ll (phase-to-phase). Kt confirmed OUTPUT-referenced by torque test (Kt*I~=peak torque), so motor Km not derivable.",,,,,,,,,,
steadywin-m-2-18-0-28-4-3333,SteadyWin,"GIM10015-9 (motor, extracted)",extracted,steadywin-gim10015-9,2.18,output,4.3333,rpm/V,unknown (table: 'Speed constant rpm/V'; appears output-referenced),,,0.28,terminal_ll,,,,21,delta,,,,14.2,30.2,48.0,,,,,SteadyWin Planetary Reduction Motor Selection Table (official steadywin-motor.com document-download),"Extracted motor (pre-gear) from SteadyWin GIM10015-9. raw Kt_ref='unknown (table: 'Torque constant N.M/A'; motor/output frame unspecified)'; raw R_ref='phase-to-phase'. url:https://steadywin-motor.com | datasheet:datasheets/robstride-steadywin/steadywin_planetary_reduction_motor_selection_table.xlsx | R_ref corrected phase->terminal_ll (phase-to-phase). Kt confirmed OUTPUT-referenced by torque test (Kt*I~=peak torque), so motor Km not derivable.",,,,,,,,,,
unitree-go-m8010-6,Unitree,GO-M8010-6,standalone,,0.63895,unknown,,,unknown,,,,unknown,,,,,unknown,,,,,40,30.0,0.53,96.5,42.3,340,https://techshare.co.jp/faq/wp-content/uploads/2023/12/GO-M8010-6_Motor_Data_User_Manual_V1.0.pdf,"Datasheet wording: 'Maximum Torque 23.7NM' (at output, after 6.33 reduction per product desc); 'Maximum Relative Current 40A'; 'Maximum Revolution Speed 30 rad/s @24V' (=286 RPM, output). Torque constant 0.63895 Nm/A given without reference frame (appears output-referenced: 23.7/0.63895=37A). Full size L*W*H 96.5x92.5x42.3mm. 15-bit rotor absolute encoder + temp sensor. Control freq 6kHz. No rated torque, Kv, pole pairs, or R published. | url:https://shop.unitree.com/products/go1-motor | datasheet:datasheets/qdd-western/unitree_go-m8010-6_manual.pdf | ratio 6.33:1",,,,,,,,,,
unitree-a1-motor,Unitree,A1 Motor,standalone,,0.9287,unknown,,,unknown,,,,unknown,,,,,unknown,,,,,,40.0,0.605,,,460,https://www.unitree.com/a1/motor/,"Datasheet wording: 'Maximum Instantaneous Torque 33.5N.m'; 'Maximum Joint Rotate Speed 21rad/s' (=200 RPM). Torque constant 0.9287 Nm/A, reference frame not stated. 15-bit motor encoder. Comm control period 1kHz. Reduction ratio not published on official spec page. Implied peak current ~36A (33.5/0.9287) not stated. No rated torque, Kv, pole pairs, R. | url:https://shop.unitree.com/products/unitree-a1-motor",,,,,,,,,,
unitree-b1-motor,Unitree,B1 Motor,standalone,,,unknown,,,unknown,,,,unknown,,,,,unknown,,,,,,64.0,1.2,,,2760,https://sonnyrobotics.com/products/unitree-b1-motor (specs); price https://shop.unitree.com/products/b1-motor,"Max instantaneous torque 140 Nm; max joint speed 9.1 rad/s (=87 RPM); reduction 1:16; weight 1.2 kg; 36-64V; RS-485. Specs from reseller listing (sonnyrobotics.com); Unitree official store page shows price only, no spec table. Kt/Kv/pole pairs/R not published. | url:https://shop.unitree.com/products/b1-motor | ratio 16:1",,,,,,,,,,
unitree-im6014-motor,Unitree,IM6014 Motor,standalone,,,unknown,,,unknown,,,,unknown,,,,,unknown,,,,,40,75.0,0.535,65,60,496,https://www.unitree.com/mobile/IM6014/,"Datasheet: 'Maximum Torque (Opposite to Rotational Speed) 34.4N.m', '(Same Direction As Speed) 31.7N.m'; 'Maximum (No-Load) Speed 54.2 rad/s @60V' (=518 RPM); 'Maximum Line Current 40A'; 'Gear Ratio 3:38' (=12.67:1); dims phi65x60mm. Dual absolute encoders (rotor 15-bit + output). No Kt, rated torque, or R published. | url:https://shop.unitree.com/products/unitree-im6014-motor | ratio 12.67:1",,,,,,,,,,
unitree-m107-h1-b2-joint-motor,Unitree,M107 (H1/B2 joint motor),standalone,,,unknown,,,unknown,,,,unknown,,,,,unknown,,,,,,,,,,,https://www.unitree.com/h1/,"NOT a direct-sale standalone product - integrated joint actuator in Unitree H1 humanoid / B2. Marketing figures only (no datasheet): knee peak ~360 Nm, hip ~220 Nm, ankle ~59 Nm, arm ~75 Nm; peak torque density 189 Nm/kg; ~107x74mm; low-inertia high-speed internal-rotor PMSM. Robot battery max voltage 67.2V. Peak_Torque=360 is the knee-config value. Weight not published (density implies ~1.9 kg at 360 Nm). | url:https://www.unitree.com/h1/",,,,,,,,,,
mjbots-mj5208,mjbots,mj5208,standalone,,,unknown,330,rpm/V,unknown,,,,unknown,,,,,unknown,,,,,,,0.193,63,25,68,https://mjbots.com/products/mj5208,"5208-size brushless outrunner. Datasheet: 'Peak torque 1.7 Nm', 'Kv 330', 'Maximum RPM 7500', 'Peak power 600W', 'Mass (with wires) 193g', OD 63mm x 25mm. Kv winding/reference frame not stated. Motor used in the moteus devkit. No Kt, R, pole pairs published. | url:https://mjbots.com/products/mj5208",,,,,,,,,,
hebi-robotics-m-1-1-10-0-5-6,HEBI Robotics,"X5-1 (motor, extracted)",extracted,hebi-robotics-x5-1,1.1,output,5.6,RPM/V,output; T-series corr.,,,10.0,unknown,,,,,unknown,,,,0.5,1.6,48.0,,,,,Datasheet https://docs.hebi.us/resources/datasheets/X-SeriesDatasheet.pdf ; gear ratio/Kt/Kv/R https://docs.hebi.us/hardware.html (T-series correlation); price mybotshop.de,Extracted motor (pre-gear) from HEBI Robotics X5-1. raw Kt_ref='output; T-series corr. (docs.hebi.us)'; raw R_ref='motor winding; wye/delta unknown'. url:https://www.hebirobotics.com/actuators | datasheet:datasheets/qdd-western/hebi_x-series_datasheet.pdf,,,,,,,,,,
hebi-robotics-m-3-1-x-2-0,HEBI Robotics,"X5-4 (motor, extracted)",extracted,hebi-robotics-x5-4,3.1,output,2.0,RPM/V,output; T-series corr.,,,,unknown,,,,,unknown,,,,0.5,1.6,48.0,,,,,Datasheet https://docs.hebi.us/resources/datasheets/X-SeriesDatasheet.pdf ; gear ratio/Kt/Kv/R https://docs.hebi.us/hardware.html (T-series correlation); price mybotshop.de,Extracted motor (pre-gear) from HEBI Robotics X5-4. raw Kt_ref='output; T-series corr. (docs.hebi.us)'; raw R_ref='motor winding; wye/delta unknown'. url:https://www.hebirobotics.com/actuators | datasheet:datasheets/qdd-western/hebi_x-series_datasheet.pdf,,,,,,,,,,
hebi-robotics-m-7-1-x-0-9,HEBI Robotics,"X5-9 (motor, extracted)",extracted,hebi-robotics-x5-9,7.1,output,0.9,RPM/V,output; T-series corr.,,,,unknown,,,,,unknown,,,,0.5,1.6,48.0,,,,,Datasheet https://docs.hebi.us/resources/datasheets/X-SeriesDatasheet.pdf ; gear ratio/Kt/Kv/R https://docs.hebi.us/hardware.html (T-series correlation); price mybotshop.de,Extracted motor (pre-gear) from HEBI Robotics X5-9. raw Kt_ref='output; T-series corr. (docs.hebi.us)'; raw R_ref='motor winding; wye/delta unknown'. url:https://www.hebirobotics.com/actuators | datasheet:datasheets/qdd-western/hebi_x-series_datasheet.pdf,,,,,,,,,,
hebi-robotics-m-1-6-5-3-3-8,HEBI Robotics,"X8-3 (motor, extracted)",extracted,hebi-robotics-x8-3,1.6,output,3.8,RPM/V,output; T-series corr.,,,5.3,unknown,,,,,unknown,,,,1.3,3.0,48.0,,,,,Datasheet https://docs.hebi.us/resources/datasheets/X-SeriesDatasheet.pdf ; gear ratio/Kt/Kv/R https://docs.hebi.us/hardware.html (T-series correlation); price mybotshop.de,Extracted motor (pre-gear) from HEBI Robotics X8-3. raw Kt_ref='output; T-series corr. (docs.hebi.us)'; raw R_ref='motor winding; wye/delta unknown'. url:https://www.hebirobotics.com/actuators | datasheet:datasheets/qdd-western/hebi_x-series_datasheet.pdf,,,,,,,,,,
hebi-robotics-m-4-6-x-1-3,HEBI Robotics,"X8-9 (motor, extracted)",extracted,hebi-robotics-x8-9,4.6,output,1.3,RPM/V,output; T-series corr.,,,,unknown,,,,,unknown,,,,1.3,3.0,48.0,,,,,Datasheet https://docs.hebi.us/resources/datasheets/X-SeriesDatasheet.pdf ; gear ratio/Kt/Kv/R https://docs.hebi.us/hardware.html (T-series correlation); price mybotshop.de,Extracted motor (pre-gear) from HEBI Robotics X8-9. raw Kt_ref='output; T-series corr. (docs.hebi.us)'; raw R_ref='motor winding; wye/delta unknown'. url:https://www.hebirobotics.com/actuators | datasheet:datasheets/qdd-western/hebi_x-series_datasheet.pdf,,,,,,,,,,
hebi-robotics-m-8-8-x-0-7,HEBI Robotics,"X8-16 (motor, extracted)",extracted,hebi-robotics-x8-16,8.8,output,0.7,RPM/V,output; T-series corr.,,,,unknown,,,,,unknown,,,,1.3,3.0,48.0,,,,,Datasheet https://docs.hebi.us/resources/datasheets/X-SeriesDatasheet.pdf ; gear ratio/Kt/Kv/R https://docs.hebi.us/hardware.html (T-series correlation); price mybotshop.de,Extracted motor (pre-gear) from HEBI Robotics X8-16. raw Kt_ref='output; T-series corr. (docs.hebi.us)'; raw R_ref='motor winding; wye/delta unknown'. url:https://www.hebirobotics.com/actuators | datasheet:datasheets/qdd-western/hebi_x-series_datasheet.pdf,,,,,,,,,,
maxon-m-0-0165-0-26-x,Maxon,"HPJ DT38S-WGA14 (motor, extracted)",extracted,maxon-hpj-dt38s-wga14,0.0165,phase_peak,,,unknown,,,0.26,terminal_ll,,,,,unknown,,,,,,,,,,,maxon robotics flyer rev1.6 (joint) + EC frameless DT brochure Jul2025 (motor Kt/R),Extracted motor (pre-gear) from Maxon HPJ DT38S-WGA14. raw Kt_ref='phase_peak'; raw R_ref='phase-phase (terminal)'. url:https://www.maxongroup.com/en/market-solutions/mobility-solutions/robotics | datasheet:maxon_robotics_flyer_rev1.6.pdf,,,,,,,,,,
maxon-m-0-0322-0-37-x,Maxon,"HPJ DT38M-WGU14 (motor, extracted)",extracted,maxon-hpj-dt38m-wgu14,0.0322,phase_peak,,,unknown,,,0.37,terminal_ll,,,,,unknown,,,,,,,,,,,maxon robotics flyer rev1.6 (joint) + EC frameless DT brochure Jul2025 (motor Kt/R),Extracted motor (pre-gear) from Maxon HPJ DT38M-WGU14. raw Kt_ref='phase_peak'; raw R_ref='phase-phase (terminal)'. url:https://www.maxongroup.com/en/market-solutions/mobility-solutions/robotics | datasheet:maxon_robotics_flyer_rev1.6.pdf,,,,,,,,,,
maxon-m-0-0604-0-58-x,Maxon,"HPJ DT50S-WGA20 (motor, extracted)",extracted,maxon-hpj-dt50s-wga20,0.0604,phase_peak,,,unknown,,,0.58,terminal_ll,,,,,unknown,,,,,,,,,,,maxon robotics flyer rev1.6 (joint) + EC frameless DT brochure Jul2025 (motor Kt/R),Extracted motor (pre-gear) from Maxon HPJ DT50S-WGA20. raw Kt_ref='phase_peak'; raw R_ref='phase-phase (terminal)'. url:https://www.maxongroup.com/en/market-solutions/mobility-solutions/robotics | datasheet:maxon_robotics_flyer_rev1.6.pdf,,,,,,,,,,
maxon-m-0-0926-0-76-x,Maxon,"HPJ DT50M-WGU20 (motor, extracted)",extracted,maxon-hpj-dt50m-wgu20,0.0926,phase_peak,,,unknown,,,0.76,terminal_ll,,,,,unknown,,,,,,,,,,,maxon robotics flyer rev1.6 (joint) + EC frameless DT brochure Jul2025 (motor Kt/R),Extracted motor (pre-gear) from Maxon HPJ DT50M-WGU20. raw Kt_ref='phase_peak'; raw R_ref='phase-phase (terminal)'. url:https://www.maxongroup.com/en/market-solutions/mobility-solutions/robotics | datasheet:maxon_robotics_flyer_rev1.6.pdf,,,,,,,,,,
maxon-m-0-0881-0-33-x,Maxon,"HPJ DT65S-WGA25 (motor, extracted)",extracted,maxon-hpj-dt65s-wga25,0.0881,phase_peak,,,unknown,,,0.33,terminal_ll,,,,,unknown,,,,,,,,,,,motor: maxon EC frameless DT brochure Jul2025 (verified); joint: prior DB (UNVERIFIED),Extracted motor (pre-gear) from Maxon HPJ DT65S-WGA25. raw Kt_ref='phase_peak'; raw R_ref='phase-phase (terminal)'. url:https://www.maxongroup.com/en/market-solutions/mobility-solutions/robotics | datasheet:maxon_robotics_flyer_rev1.6.pdf,,,,,,,,,,
maxon-m-0-157-0-47-x,Maxon,"HPJ DT65M-WGU25 (motor, extracted)",extracted,maxon-hpj-dt65m-wgu25,0.157,phase_peak,,,unknown,,,0.47,terminal_ll,,,,,unknown,,,,,,,,,,,motor: maxon EC frameless DT brochure Jul2025 (verified); joint: prior DB (UNVERIFIED),Extracted motor (pre-gear) from Maxon HPJ DT65M-WGU25. raw Kt_ref='phase_peak'; raw R_ref='phase-phase (terminal)'. url:https://www.maxongroup.com/en/market-solutions/mobility-solutions/robotics | datasheet:maxon_robotics_flyer_rev1.6.pdf,,,,,,,,,,
maxon-m-0-126-0-16-x,Maxon,"HPJ DT85M-WGA32 (motor, extracted)",extracted,maxon-hpj-dt85m-wga32,0.126,phase_peak,,,unknown,,,0.16,terminal_ll,,,,,unknown,,,,,,,,,,,motor: maxon EC frameless DT brochure Jul2025 (verified); joint: prior DB (UNVERIFIED),Extracted motor (pre-gear) from Maxon HPJ DT85M-WGA32. raw Kt_ref='phase_peak'; raw R_ref='phase-phase (terminal)'. url:https://www.maxongroup.com/en/market-solutions/mobility-solutions/robotics | datasheet:maxon_robotics_flyer_rev1.6.pdf,,,,,,,,,,
maxon-m-0-219-0-22-x,Maxon,"HPJ DT85L-WGU32 (motor, extracted)",extracted,maxon-hpj-dt85l-wgu32,0.219,phase_peak,,,unknown,,,0.22,terminal_ll,,,,,unknown,,,,,,,,,,,motor: maxon EC frameless DT brochure Jul2025 (verified); joint: prior DB (UNVERIFIED),Extracted motor (pre-gear) from Maxon HPJ DT85L-WGU32. raw Kt_ref='phase_peak'; raw R_ref='phase-phase (terminal)'. url:https://www.maxongroup.com/en/market-solutions/mobility-solutions/robotics | datasheet:maxon_robotics_flyer_rev1.6.pdf,,,,,,,,,,
cubemars-m-0-135-0-595-80,CubeMars,"AK60-6 V3.0 KV80 (motor, extracted)",extracted,cubemars-ak60-6-v3-0-kv80,0.135,terminal_ll,80,rpm/V,ll,,,0.595,terminal_ll,0.000676,terminal_ll,2.435e-05,14,wye,,,,3.8,11.2,48.0,,,,,https://www.cubemars.com/,"Dual-voltage 24/48V; speeds@48V (24V: rated 233/no-load 320, peak I 10.3A). Torque/speed=output(post 6:1); Kt/Kv/Ke/R/L=motor-frame(pre-gearbox). 24 slots. Dielectric 500V 5mA/2s. NTC temp sensor. 21-bit magnetic encoder. Currents ADC. | src:https://www.cubemars.com/product/ak60-6-v3-0-kv80-robotic-actuator.html | ds:datasheets/cubemars-rich/ak60-6-v3-0-robotic-actuator-2d-drawing.pdf",0.15,12.5,V/krpm,0.69,0.81,0.2,3.8,,C,-20 to 50
cubemars-m-0-123-0-272-100,CubeMars,"AK70-10 KV100 (motor, extracted)",extracted,cubemars-ak70-10-kv100,0.123,terminal_ll,100,rpm/V,ll,,,0.272,terminal_ll,0.000113,terminal_ll,7.53479e-05,21,delta,,,,7.2,23.2,48.0,,,,,https://www.cubemars.com/,Dual-voltage 24/48V; speeds@48V (24V: rated 148/no-load 240). Current page lists motor weight 521g (earlier pass saw 621g elsewhere on page). Torque/speed=output(post 10:1); Kt/Kv/Ke/R/L=motor-frame. Dielectric 1000V. Backlash 0.12deg. 14-bit encoder. NTC. Currents ADC. | src:https://www.cubemars.com/product/ak70-10-kv100-robotic-actuator.html | ds:datasheets/cubemars-rich/ak70-10-robotic-actuator-2d-drawing.pdf,0.24,11.2,V/krpm,0.42,0.74,0.48,7.2,,H,-20 to 50
cubemars-m-0-105-0-17-100,CubeMars,"AK80-6 KV100 (motor, extracted)",extracted,cubemars-ak80-6-kv100,0.105,terminal_ll,100,rpm/V,ll,,,0.17,terminal_ll,5.7e-05,terminal_ll,6.07e-05,21,delta,,,,9.7,20,48.0,,,,,https://www.cubemars.com/,Torque/speed=output(post 6:1); Kt/Kv/Ke/R/L=motor-frame. Dielectric 1000V. Backlash 0.22deg. 14-bit encoder. Currents ADC. | src:https://www.cubemars.com/product/ak80-6-kv100-robotic-actuator.html | ds:datasheets/cubemars-rich/ak80-6-robotic-actuator-2d-drawing.pdf,0.25,10.5,V/krpm,0.34,0.94,0.36,9.7,,H,-20 to 50
cubemars-m-0-095-0-16-100,CubeMars,"AK80-9 V3.0 KV100 (motor, extracted)",extracted,cubemars-ak80-9-v3-0-kv100,0.095,terminal_ll,100,rpm/V,ll,,,0.16,terminal_ll,0.000116,terminal_ll,0.000111832,21,delta,,,,12,28,48.0,,,,,https://www.cubemars.com/,Torque/speed=output(post 9:1); Kt/Kv/Ke/R/L=motor-frame. 36 slots. Dielectric 1000V. Backlash 15 arcmin. Elec time const not published; note printed mech tc 0.725ms numerically equals L/R(=0.725ms) so may be mislabeled. 16-bit encoder. NTC. Currents ADC. | src:https://www.cubemars.com/product/ak80-9-v3-0-robotic-actuator.html | ds:datasheets/cubemars-rich/ak80-9-v3-0-robotic-actuator-2d-drawing.pdf,0.2387,10,V/krpm,,0.725,0.51,12,,C,-20 to 50
cubemars-m-0-16-0-248-60,CubeMars,"AK10-9 V3.0 KV60 (motor, extracted)",extracted,cubemars-ak10-9-v3-0-kv60,0.16,terminal_ll,60,rpm/V,ll,,,0.248,terminal_ll,0.000213,terminal_ll,0.0001002,21,wye,,,,10.7,31.9,48.0,,,,,https://www.cubemars.com/,Torque/speed=output(post 9:1); Kt/Kv/Ke/R/L=motor-frame. 36 slots. Dielectric 1000V. Dual encoder 21-bit inner + 15-bit outer magnetic. Back-drive torque not published on V3 page. NTC. Currents ADC. | src:https://www.cubemars.com/product/ak10-9-v3-0-kv60-robotic-actuator.html | ds:datasheets/cubemars-rich/ak10-9-v3-0-robotic-actuator-2d-drawing.pdf,0.32,16.7,V/krpm,0.93,0.5,,10.7,,C,-20 to 50
cubemars-m-0-198-0-195-60,CubeMars,"AK10-9 V2.0 KV60 (motor, extracted)",extracted,cubemars-ak10-9-v2-0-kv60,0.198,terminal_ll,60,rpm/V,ll,,,0.195,terminal_ll,0.000181,terminal_ll,0.0001002,21,wye,,,,10.6,29.8,48.0,,,,,https://www.cubemars.com/,Dual-voltage 24/48V; speeds@48V (24V: rated 109/no-load 160). Torque/speed=output(post 9:1); Kt/Kv/Ke/R/L=motor-frame. Dielectric 1000V. Backlash 0.33deg. Dual encoder 14-bit inner + 15-bit outer. NTC. Currents ADC. | src:https://www.cubemars.com/product/ak10-9-v2-0-kv60-robotic-actuator.html | ds:datasheets/cubemars-rich/ak10-9-v2-0-robotic-actuator-2d-drawing.pdf,0.45,17.2,V/krpm,0.93,0.5,0.8,10.6,,C,-20 to 50
cubemars-m-0-199-0-43-60,CubeMars,"AK80-8 KV60 (motor, extracted)",extracted,cubemars-ak80-8-kv60,0.199,terminal_ll,60,rpm/V,ll,,,0.43,terminal_ll,0.000214,terminal_ll,0.000123262,21,wye,,,,6.9,21,48.0,,,,,https://www.cubemars.com/,Torque/speed=output(post 8:1); Kt/Kv/Ke/R/L=motor-frame. Dielectric 1000V. Backlash 0.38deg. Dual encoder 14-bit inner + 15-bit outer. Currents ADC. | src:https://www.cubemars.com/product/ak80-8-kv60-robotic-actuator.html | ds:datasheets/cubemars-rich/ak80-8-robotic-actuator-2d-drawing.pdf,0.3,19.8,V/krpm,0.5,0.66,0.75,6.9,,C,-20 to 50
cubemars-m-0-136-0-22-80,CubeMars,"AK80-64 KV80 (motor, extracted)",extracted,cubemars-ak80-64-kv80,0.136,terminal_ll,80,rpm/V,ll,,,0.22,terminal_ll,0.0001335,terminal_ll,5.645e-05,21,delta,,,,7,19,48.0,,,,,https://www.cubemars.com/,Dual-voltage 24/48V; speeds@48V (24V: rated 23/no-load 37). Torque/speed=output(post 64:1); Kt/Kv/Ke/R/L=motor-frame. Dielectric 1000V. Backlash 0.18deg. Single 14-bit inner encoder. NTC. Currents ADC. | src:https://www.cubemars.com/product/ak80-64-kv80-robotic-actuator.html | ds:datasheets/cubemars-rich/ak80-64-robotic-actuator-2d-drawing.pdf,0.29,13.7,V/krpm,0.61,0.67,4.7,7,,H,-20 to 50
cubemars-m-0-159-0-475-60,CubeMars,"AK70-9 V3.0 KV60 (motor, extracted)",extracted,cubemars-ak70-9-v3-0-kv60,0.159,terminal_ll,60,rpm/V,ll,,,0.475,terminal_ll,0.000408,terminal_ll,4.5e-05,21,delta,,,,6.25,23.8,48.0,,,,,https://www.cubemars.com/,"UNITS FIX: live page prints R as '475 Ohm' and L as '408 mH' (anomalous); published Km=0.23 reconciles only with R=475 mOhm (Km=Kt/sqrt(R)=0.159/sqrt(0.475)=0.23) and sister AK models use mOhm/uH, so recorded R=0.475 Ohm, L=408 uH. Torque/speed=output(post 9:1). 24 slots. Dielectric 1000V. Dual encoder 14-bit+15-bit. Elec time const not published. Currents ADC. | src:https://www.cubemars.com/product/ak70-9-v3-0-kv60-robotic-actuator.html | ds:datasheets/cubemars-rich/ak70-9-v3-0-kv60-robotic-actuator-2d-drawing.pdf",0.23,16.7,V/krpm,,1.7,0.8,6.25,,C,-20 to 50
cubemars-m-0-12-0-6-80,CubeMars,"AK60-39 V3.0 KV80 (motor, extracted)",extracted,cubemars-ak60-39-v3-0-kv80,0.12,terminal_ll,80,rpm/V,ll,,,0.6,terminal_ll,0.00067,terminal_ll,3.05e-05,14,wye,,,,4.5,17,48.0,,,,,https://www.cubemars.com/,Torque/speed=output(post 39:1); Kt/Kv/Ke/R/L=motor-frame. 24 slots. Dielectric 500V. Backlash 15 arcmin. Dual 21-bit MT6835 encoders. Elec time const not published. NTC. Currents ADC. | src:https://www.cubemars.com/product/ak60-39-v3-0-kv80-robotic-actuator.html | ds:datasheets/cubemars-rich/ak60-39-v3-0-robotic-actuator-2d-drawing.pdf,0.15,12.5,V/krpm,,2.39,1.4,4.5,,C,-20 to 50
cubemars-m-0-11-1-8-80,CubeMars,"AK45-36 V3.0 KV80 (motor, extracted)",extracted,cubemars-ak45-36-v3-0-kv80,0.11,terminal_ll,80,rpm/V,ll,,,1.8,terminal_ll,0.0011,terminal_ll,1.819e-05,14,unknown,,,,2,6.5,24.0,,,,,https://www.cubemars.com/,Torque/speed=output(post 36:1); Kt/Kv/Ke/R/L=motor-frame. 24 slots. Dielectric 500V. Backlash 12 arcmin. Dual 16-bit MT6835 encoders. Winding type + time constants not published. Currents ADC. | src:https://www.cubemars.com/product/ak45-36-v3-0-kv80-robotic-actuator.html | ds:datasheets/cubemars-rich/ak45-36-v3-0-kv80-2d-drawing.pdf,0.15,12.5,V/krpm,,,0.8,2,,C,-20 to 50
cubemars-m-0-127-2-2-75,CubeMars,"AK45-10 V3.0 KV75 (motor, extracted)",extracted,cubemars-ak45-10-v3-0-kv75,0.127,terminal_ll,75,rpm/V,ll,,,2.2,terminal_ll,0.00133,terminal_ll,1.5733e-05,14,unknown,,,,1.9,5,24.0,,,,,https://www.cubemars.com/,Torque/speed=output(post 10:1); Kt/Kv/Ke/R/L=motor-frame. 24 slots. Dielectric 500V. Backlash 18 arcmin. Dual 16-bit MT6835 encoders. Winding type + time constants not published. NTC. Currents ADC. | src:https://www.cubemars.com/product/ak45-10-v3-0-kv75-robotic-actuator.html | ds:datasheets/cubemars-rich/ak45-10-v3-0-kv75-2d-drawing.pdf,0.0858,13.33,V/krpm,,,0.1,1.9,,C,-20 to 50
cubemars-m-0-056-0-978-170,CubeMars,"AK40-10 V3.0 KV170 (motor, extracted)",extracted,cubemars-ak40-10-v3-0-kv170,0.056,terminal_ll,170,rpm/V,ll,,,0.978,terminal_ll,0.000465,terminal_ll,9.735e-06,14,unknown,,,,2.7,7.3,24.0,,,,,https://www.cubemars.com/,Torque/speed=output(post 10:1); Kt/Kv/Ke/R/L=motor-frame. Max continuous power 50W. 24 slots. Dielectric 500V. Backlash 18 arcmin. Dual 16-bit MT6835 encoders. Winding type + time constants not published. Currents ADC. | src:https://www.cubemars.com/product/ak40-10-v3-0-kv170-robotic-actuator.html | ds:datasheets/cubemars-rich/ak40-10-v3-0-kv170-2d-drawing.pdf,0.0568,5.88,V/krpm,,,0.06,2.7,,C,-20 to 50
cubemars-m-0-078-0-202-80,CubeMars,"AK60-6 V1.1 KV80 (motor, extracted)",extracted,cubemars-ak60-6-v1-1-kv80,0.078,terminal_ll,80,rpm/V,ll,,,0.202,terminal_ll,0.000138,terminal_ll,2.435e-05,14,delta,,,,3.8,13.1,24.0,,,,,https://www.cubemars.com/,"V1 generation, single 14-bit encoder. Torque/speed=output(post 6:1); Kt/Kv/Ke/R/L=motor-frame. Dielectric 500V. Backlash 0.55deg. Currents ADC. | src:https://www.cubemars.com/product/ak60-6-v1-1-kv80-robotic-actuator.html | ds:datasheets/cubemars-rich/ak60-6-v1-1-robotic-actuator-2d-drawing.pdf",0.17,7.5,V/krpm,0.68,0.81,0.2,3.8,,C,-20 to 50
cubemars-m-x-x-140,CubeMars,"AK60-6 V1.1 KV140 (motor, extracted)",extracted,cubemars-ak60-6-v1-1-kv140,,terminal_ll,140,rpm/V,ll,,,,terminal_ll,,terminal_ll,,14,unknown,,,,6.5,22.7,24.0,,,,,https://www.cubemars.com/,KV140 winding variant shown on same page as KV80. Only mechanical/performance specs published for KV140 (electrical constants Kt/Ke/R/L/Km not separately listed). Price for KV140 not separately shown (page price $298.9 is KV80). Currents ADC. | src:https://www.cubemars.com/product/ak60-6-v1-1-kv80-robotic-actuator.html | ds:datasheets/cubemars-rich/ak60-6-v1-1-robotic-actuator-2d-drawing.pdf,,,,,,,6.5,,C,-20 to 50
cubemars-m-0-23-0-56-41,CubeMars,"AKH70-48 V1.0 KV41 (motor, extracted)",extracted,cubemars-akh70-48-v1-0-kv41,0.23,terminal_ll,41,rpm/V,ll,,,0.56,terminal_ll,0.0006,terminal_ll,0.000117,21,delta,,,,6,18,48.0,,,,,https://www.cubemars.com/,"Hollow-shaft planetary, 7mm bore. R printed 0.56 Ohm, L printed 0.6 mH. 36 slots. Dielectric 500V. Backlash 12 arcmin. Dual 21-bit encoders. Elec time const not published. Currents ADC. Torque/speed=output. | src:https://www.cubemars.com/product/akh70-48-v-1-0-kv41-hollow-shaft-planetary-actuator.html | ds:datasheets/cubemars-rich/akh70-48-v-1-0-robotic-actuator-2d-drawing.pdf",0.31,2.4,V/krpm,,2.28,2.22,6,,F,-20 to 50
cubemars-m-0-11937-0-595-80,CubeMars,"AKA60-6 KV80 (motor, extracted)",extracted,cubemars-aka60-6-kv80,0.11937,terminal_ll,80,rpm/V,ll,,,0.595,terminal_ll,0.000675,terminal_ll,3.3191e-05,14,wye,,,,4,11.2,48.0,,,,,https://www.cubemars.com/,Ke printed '0.0125 V/krpm' but value is really V/rpm (=12.5 V/krpm). Dual-voltage 24/48V; speeds@48V (24V: rated 200/no-load 320). Torque/speed=output(post 6:1). Dielectric 500V. Single 14-bit encoder. Back-drive not published. Currents ADC. | src:https://www.cubemars.com/product/aka60-6-kv80-robotic-actuator.html | ds:datasheets/cubemars-rich/aka60-6-robotic-actuator-2d-drawing.pdf,0.1541,0.0125,V/rpm,1.13,2.5,,4,,H,-20 to 50
cubemars-m-0-272-0-164-35,CubeMars,"AKE90-8 KV35 (motor, extracted)",extracted,cubemars-ake90-8-kv35,0.272,terminal_ll,35,rpm/V,ll,,,0.164,terminal_ll,0.000235,terminal_ll,0.000337708,21,delta,,,,21,72,48.0,,,,,https://www.cubemars.com/,"QDD module: no encoder, no driver board (sold separately). Ke printed '0.0285 V/krpm' but value is really V/rpm (=28.5 V/krpm). Rated power 700W. Backlash 9 arcmin. Dielectric 1000V 5mA/2s. Back-drive torque NOT on live page (user-supplied datasheet=9Nm). Torque/speed=output(post 8:1); Kt/Kv/Ke/R/L=motor-frame. Currents ADC. Rated power 700W (not the 1500W peak-curve figure). | src:https://www.cubemars.com/product/ake90-8-kv35-quasi-direct-drive-actuator.html | ds:datasheets/cubemars-rich/ake90-8-quasi-direct-drive-2d-drawing.pdf",0.67372,0.0285,V/rpm,1.4329,2.18,,21,,H,-20 to 50
cubemars-m-0-32-0-87-30,CubeMars,"AKE80-8 KV30 (motor, extracted)",extracted,cubemars-ake80-8-kv30,0.32,terminal_ll,30,rpm/V,ll,,,0.87,terminal_ll,0.00099,terminal_ll,0.000147175,21,wye,,,,4.8,12,48.0,,,,,https://www.cubemars.com/,"QDD module: no encoder, no driver board. Rated power 188W. Backlash 9 arcmin. Dielectric 500V. Torque/speed=output(post 8:1); Kt/Kv/Ke/R/L=motor-frame. Back-drive not published. Currents ADC. | src:https://www.cubemars.com/product/ake80-8-kv30-quasi-direct-drive-actuator.html | ds:datasheets/cubemars-rich/ake80-8-quasi-direct-drive-2d-drawing.pdf",0.34,33,V/krpm,1.13,2.3,,4.8,,F,-20 to 50
cubemars-m-0-13-0-577-80,CubeMars,"AKE60-8 KV80 (motor, extracted)",extracted,cubemars-ake60-8-kv80,0.13,terminal_ll,80,rpm/V,ll,,,0.577,terminal_ll,0.000704,terminal_ll,6.4739e-05,14,wye,,,,4.8,12,24.0,,,,,https://www.cubemars.com/,"QDD module: no encoder, no driver board. 24V. Rated power 95W. Backlash 9 arcmin. Dielectric 500V. Torque/speed=output(post 8:1); Kt/Kv/Ke/R/L=motor-frame. Back-drive not published. Currents ADC. | src:https://www.cubemars.com/product/ake60-8-kv80-quasi-direct-drive-actuator.html | ds:datasheets/cubemars-rich/ake60-8-quasi-direct-drive-2d-drawing.pdf",0.15,12.5,V/krpm,1.7,1.2,,4.8,,F,-20 to 50
cubemars-ri100-kv105,CubeMars,RI100 KV105,standalone,,0.129,terminal_ll,105,rpm/V,ll,,,0.126,terminal_ll,0.0003667,terminal_ll,2.155e-05,14,delta,,,,13.6,38.6,48.0,0.5,104,26,130,https://www.cubemars.com/,"Frameless inrunner; 45mm hollow shaft. Multi-voltage 24/36/48V (torque/current V-independent; speeds@48V; rated 1370/2100/2825, no-load 2184/3276/4368). R=phase-to-phase. Dielectric 1000V. Optional Hall. Currents ADC. | src:https://www.cubemars.com/product/ri100-kv105-frameless-inrunner-torque-motor.html | ds:datasheets/cubemars-rich/ri100-frameless-torque-motor-2d-drawing.pdf",0.3634,10.47,V/krpm,2.91,0.16,,13.6,4368,C,-20 to 50
cubemars-ri80-v2-0-kv75,CubeMars,RI80 V2.0 KV75,standalone,,0.155,terminal_ll,75,rpm/V,ll,,,0.33,terminal_ll,0.00051,terminal_ll,2.1249e-05,8,delta,,,,9.4,27.6,48.0,0.411,85,27,116,https://www.cubemars.com/,"Frameless inrunner; 40.5mm hollow shaft. Multi-voltage 24/36/48V; speeds@48V (rated 1135/1785/2430, no-load 1480/2220/2960). R=phase-to-phase. Dielectric 1000V. Optional Hall. Currents ADC. | src:https://www.cubemars.com/product/ri80-v2-0-kv75-frameless-inrunner-torque-motor.html | ds:datasheets/cubemars-rich/ri80-v2-frameless-torque-motor-2d-drawing.pdf",0.2698,15.5,V/krpm,1.55,0.29,,9.4,2960,C,-20 to 50
cubemars-ri70-kv95,CubeMars,RI70 KV95,standalone,,0.13,terminal_ll,95,rpm/V,ll,,,0.418,terminal_ll,0.0006227,terminal_ll,9.215e-06,14,delta,,,,7.1,21,48.0,0.2704,76,24,109,https://www.cubemars.com/,"Frameless inrunner; 38mm hollow shaft. Multi-voltage 24/36/48V; speeds@48V (rated 1270/1990/2710, no-load 1956/2934/3912). R=phase-to-phase. Dielectric 1000V. Optional Hall. Currents ADC. | src:https://www.cubemars.com/product/ri70-kv95-frameless-inrunner-torque-motor.html | ds:datasheets/cubemars-rich/ri70-frameless-torque-motor-2d-drawing.pdf",0.2011,11.69,V/krpm,1.49,0.23,,7.1,3912,C,-20 to 50
cubemars-ri60-kv120,CubeMars,RI60 KV120,standalone,,0.1,terminal_ll,120,rpm/V,ll,,,0.9,terminal_ll,0.0008775,terminal_ll,3.305e-06,14,delta,,,,5.6,16.8,48.0,0.1559,60,23,87,https://www.cubemars.com/,"Frameless inrunner; 30mm hollow shaft. Multi-voltage 24/36/48V; speeds@48V (rated 1440/2320/3190, no-load 2532/3798/5064). R=phase-to-phase. Dielectric 500V. Optional Hall. Currents ADC. | src:https://www.cubemars.com/product/ri60-kv120-frameless-inrunner-torque-motor.html | ds:datasheets/cubemars-rich/ri60-frameless-torque-motor-2d-drawing.pdf",0.1054,9.03,V/krpm,0.98,0.3,,5.6,5064,C,-20 to 50
cubemars-ri50-kv100,CubeMars,RI50 KV100,standalone,,0.12,terminal_ll,100,rpm/V,ll,,,1.42,terminal_ll,0.0015,terminal_ll,2.28e-06,7,wye,,,,4.8,14.8,48.0,0.1808,54,27,54,https://www.cubemars.com/,"Frameless inrunner; 22mm hollow shaft. Multi-voltage 24/36/48V; speeds@48V (rated 1090/1860/2600, no-load 2004/3006/4008). R=phase-to-phase. Dielectric 500V. Optional Hall. Currents ADC. | src:https://www.cubemars.com/product/ri50-kv100-frameless-inrunner-torque-motor.html | ds:datasheets/cubemars-rich/ri50-frameless-torque-motor-2d-drawing.pdf",0.1007,11.41,V/krpm,1.06,0.22,,4.8,4008,C,-20 to 50
cubemars-ro100-kv55-standard,CubeMars,RO100 KV55 Standard,standalone,,0.2,terminal_ll,55,rpm/V,ll,,,0.143,terminal_ll,0.000137,terminal_ll,0.00087,21,wye,,,,20,62,48.0,0.71,113.5,36.2,151,https://www.cubemars.com/,"Frameless outrunner, Standard-with-hall (Std 710g / Lite 525g, Std inertia 8700 / Lite 5290 gcm2, Std Phi113.5x36.2 / Lite Phi108.3x28). R=phase-to-phase. Cogging 55 Nmm. Dielectric 500V. Hall + temp sensor (Std). Currents ADC. | src:https://www.cubemars.com/product/ro100-kv55-standard-with-hall-frameless-torque-motor.html | ds:datasheets/cubemars-rich/ro100-kv55-frameless-torque-motor-2d-drawing.pdf",0.53,18.67,V/krpm,0.96,1.73,,20,2550,F,-20 to 50
cubemars-ro80-kv105-standard,CubeMars,RO80 KV105 Standard,standalone,,0.087,terminal_ll,105,rpm/V,ll,,,0.12,terminal_ll,0.000103,terminal_ll,0.0002612,21,delta,,,,15,50,48.0,0.352,92.6,26.4,101,https://www.cubemars.com/,"Frameless outrunner, Standard-with-hall (Std 352g / Lite 265g, Std inertia 2612 / Lite 1600 gcm2, Std Phi92.6x26.4 / Lite Phi88.6x17.7). R=phase-to-phase. Cogging 24 Nmm. Dielectric 500V. Hall + temp sensor (Std). Currents ADC. | src:https://www.cubemars.com/product/ro80-kv105-standard-with-hall-frameless-torque-motor.html | ds:datasheets/cubemars-rich/ro80-kv105-frameless-torque-motor-2d-drawing.pdf",0.25,9.07,V/krpm,0.86,2.95,,15,5040,F,-20 to 50
cubemars-ro60-kv115-standard,CubeMars,RO60 KV115 Standard,standalone,,0.094,terminal_ll,115,rpm/V,ll,,,0.3,terminal_ll,0.000395,terminal_ll,0.0001161,14,wye,,,,8.5,40,48.0,0.248,73.8,23,75,https://www.cubemars.com/,"Frameless outrunner, Standard-with-hall (Std 248g / Lite 195g, Std inertia 1161 / Lite 800 gcm2, Std Phi73.8x23 / Lite Phi70.5x15). R=phase-to-phase. Cogging 15 Nmm. Dielectric 500V. Hall + temp sensor (Std). Currents ADC. | src:https://www.cubemars.com/product/ro60-kv115-standard-with-hall-frameless-torque-motor.html | ds:datasheets/cubemars-rich/ro60-kv115-frameless-torque-motor-2d-drawing.pdf",0.17,8.28,V/krpm,1.32,2.86,,8.5,5520,F,-20 to 50
cubemars-ro50-kv108-lite,CubeMars,RO50 KV108 Lite,standalone,,0.088,terminal_ll,108,rpm/V,ll,,,1.035,terminal_ll,0.00046,terminal_ll,3.2721e-05,14,unknown,,,,3.4,0.9,24.0,0.105,61.7,14.5,58,https://www.cubemars.com/,"Frameless outrunner, Lite/no-hall. Max continuous power 66W. R=phase-to-phase. Cogging 10 Nmm. Dielectric 500V. Winding type not published. PEAK CURRENT 0.9A printed is below rated 3.4A - datasheet typo. Currents ADC. | src:https://www.cubemars.com/product/ro50-kv108-lite-without-hall-frameless-torque-motor.html | ds:datasheets/cubemars-rich/ro50-kv108-lite-frameless-torque-motor-2d-drawing.pdf",0.087,9.2,V/krpm,0.44,2.4,,3.4,2600,F,-20 to 50
cubemars-ro40-kv140-lite,CubeMars,RO40 KV140 Lite,standalone,,0.068,terminal_ll,141,rpm/V,ll,,,1.7,terminal_ll,0.00058,terminal_ll,1.2211e-05,14,unknown,,,,2.85,11.6,24.0,0.06,46.3,13,45,https://www.cubemars.com/,"Frameless outrunner, Lite. Title KV140; spec Kv=141. Max continuous power 51W. R=phase-to-phase. Cogging 6 Nmm. Dielectric 500V. Km printed 0.52 Nm/sqrtW is inconsistent (Kt/sqrt(R)=0.068/sqrt(1.7)=0.052) - likely missing-zero typo. Winding not published. Currents ADC. | src:https://www.cubemars.com/product/ro40-kv140-lite-without-hall-frameless-torque-motor.html | ds:datasheets/cubemars-rich/ro40-kv140-lite-frameless-torque-motor-2d-drawing.pdf",0.52,7,V/krpm,0.34,2.2,,2.85,3400,F,-20 to 50
cubemars-gl30-kv290,CubeMars,GL30 KV290,standalone,,0.038,terminal_ll,255,rpm/V,ll,,,1.53,terminal_ll,0.00033,terminal_ll,2.42e-06,7,wye,,,,2.13,7.4,12.0,0.041,34.5,15.7,45,https://www.cubemars.com/,"Gimbal, 6mm bore. Model title KV290 but spec Kv=255. R=phase-to-phase. Dielectric 500V. Encoder optional. Currents ADC. | src:https://www.cubemars.com/product/gl30-kv290-gimbal-motor.html | ds:datasheets/cubemars-rich/gl30-gimbal-motor-2d-drawing.pdf",0.0307212,3.73,V/krpm,0.22,2.56,,2.13,3060,H,-20 to 50
cubemars-gl35-kv100,CubeMars,GL35 KV100,standalone,,0.115,terminal_ll,82.5,rpm/V,ll,,,3.6,terminal_ll,0.0021,terminal_ll,6.1e-06,7,wye,,,,1.3,4,16.0,0.09,41.8,21,48,https://www.cubemars.com/,"Gimbal, 6mm bore. Model title KV100 but spec Kv=82.5. R=phase-to-phase. Dielectric 500V. Encoder optional. Currents ADC. | src:https://www.cubemars.com/product/gl35-kv100-gimbal-motor.html | ds:datasheets/cubemars-rich/gl35-gimbal-motor-2d-drawing.pdf",0.0606103,11.54,V/krpm,0.58,1.66,,1.3,1320,H,-20 to 50
cubemars-gl40-kv70,CubeMars,GL40 KV70,standalone,,0.15,terminal_ll,63.5,rpm/V,ll,,,4.5,terminal_ll,0.0018,terminal_ll,7.4e-06,14,wye,,,,1.62,3.3,16.0,0.107,46.5,21.5,64,https://www.cubemars.com/,"Gimbal, 8mm bore. KV70 winding variant (spec Kv=63.5). R=phase-to-phase. Dielectric 500V. Page also lists KV210 variant (separate row). Currents ADC. | src:https://www.cubemars.com/product/gl40-kv70-gimbal-motor.html | ds:datasheets/cubemars-rich/gl40-gimbal-motor-2d-drawing.pdf",0.0707107,15,V/krpm,0.4,1.48,,1.62,1015,H,-20 to 50
cubemars-gl40-kv210,CubeMars,GL40 KV210,standalone,,0.05,terminal_ll,195,rpm/V,ll,,,0.5,terminal_ll,0.00018,terminal_ll,7.4e-06,14,wye,,,,4.9,14.9,16.0,0.107,46.5,21.5,64,https://www.cubemars.com/,"Gimbal, 8mm bore. KV210 winding variant of GL40 (spec Kv=195); same page/price as KV70. R=phase-to-phase. Dielectric 500V. Currents ADC. | src:https://www.cubemars.com/product/gl40-kv70-gimbal-motor.html | ds:datasheets/cubemars-rich/gl40-gimbal-motor-2d-drawing.pdf",0.0707107,4.88,V/krpm,0.36,1.48,,4.9,3120,H,-20 to 50
cubemars-gl60-kv25,CubeMars,GL60 KV25,standalone,,0.45,terminal_ll,21.5,rpm/V,ll,,,5.5,terminal_ll,0.00272,terminal_ll,3.55e-05,14,wye,,,,1.35,4,24.0,0.23,69,22.3,95,https://www.cubemars.com/,"Gimbal, 20mm bore. Model title KV25 but spec Kv=21.5. R=phase-to-phase. Dielectric 500V. Page also lists KV55 variant (separate row). Currents ADC. | src:https://www.cubemars.com/product/gl60-kv25-gimbal-motor.html | ds:datasheets/cubemars-rich/gl60-gimbal-motor-2d-drawing.pdf",0.191881,44.3,V/krpm,0.49,0.96,,1.35,516,H,-20 to 50
cubemars-gl60-kv55,CubeMars,GL60 KV55,standalone,,0.205,terminal_ll,47.5,rpm/V,ll,,,1.2,terminal_ll,0.0009,terminal_ll,3.55e-05,14,wye,,,,2.93,8.9,24.0,0.226,69,22.3,95,https://www.cubemars.com/,"Gimbal, 20mm bore. KV55 winding variant of GL60 (spec Kv=47.5); same page/price as KV25. R=phase-to-phase. Dielectric 500V. Currents ADC. | src:https://www.cubemars.com/product/gl60-kv25-gimbal-motor.html | ds:datasheets/cubemars-rich/gl60-gimbal-motor-2d-drawing.pdf",0.187139,20.05,V/krpm,0.75,1.01,,2.93,1140,H,-20 to 50
cubemars-gl80-kv30,CubeMars,GL80 KV30,standalone,,0.356,terminal_ll,27,rpm/V,ll,,,1.8,terminal_ll,0.0011,terminal_ll,6.5e-05,21,wye,,,,2.8,8.2,24.0,0.315,87,22.3,159,https://www.cubemars.com/,"Gimbal, 30mm bore. Model title KV30 but spec Kv=27. R=phase-to-phase. Dielectric 1000V. Page also lists KV60 variant (separate row). Currents ADC. | src:https://www.cubemars.com/product/gl80-kv30-gimbal-motor.html | ds:datasheets/cubemars-rich/gl80-gimbal-motor-2d-drawing.pdf",0.265347,35.27,V/krpm,0.61,0.92,,2.8,650,H,-20 to 50
cubemars-gl80-kv60,CubeMars,GL80 KV60,standalone,,0.178,terminal_ll,54.5,rpm/V,ll,,,0.45,terminal_ll,0.00027,terminal_ll,6.5e-05,21,wye,,,,5.6,16.3,24.0,0.312,87,22.3,159,https://www.cubemars.com/,"Gimbal, 30mm bore. KV60 winding variant of GL80 (spec Kv=54.5); same page/price as KV30. R=phase-to-phase. Dielectric 1000V. Currents ADC. | src:https://www.cubemars.com/product/gl80-kv30-gimbal-motor.html | ds:datasheets/cubemars-rich/gl80-gimbal-motor-2d-drawing.pdf",0.265347,17.47,V/krpm,0.6,0.92,,5.6,1300,H,-20 to 50
cubemars-gl100-kv10,CubeMars,GL100 KV10,standalone,,1.03,terminal_ll,9.3,rpm/V,ll,,,2.65,terminal_ll,0.00235,terminal_ll,0.000231,20,wye,,,,2.9,7.8,24.0,0.698,106.8,34.2,239,https://www.cubemars.com/,"Gimbal, 30mm bore. Model title KV10 but spec Kv=9.3. R=phase-to-phase. Dielectric 1000V. Currents ADC. | src:https://www.cubemars.com/product/gl100-kv10-gimbal-motor.html | ds:datasheets/cubemars-rich/gl100-gimbal-motor-2d-drawing.pdf",0.632724,102.4,V/krpm,0.89,0.58,,2.9,223,H,-20 to 50
cubemars-gl40-ii-kv82-5,CubeMars,GL40 II KV82.5,standalone,,0.11,terminal_ll,82.5,rpm/V,ll,,,3,terminal_ll,0.00132,terminal_ll,7.945e-06,14,wye,,,,1.88,5.22,16.0,0.125,46.1,33.5,117,https://www.cubemars.com/,"GL II series, 12.5mm hollow shaft. Ke printed '0.0115 V/krpm' - units-slip typo (should be ~11.5 V/krpm). Rated power 19W. Cogging 0.7 cNm. R=phase-to-phase. Dielectric 500V. Currents ADC. Has GL II integrated driver (separate). | src:https://www.cubemars.com/product/gl40-II-kv82-5-gimbal-motor.html | ds:datasheets/cubemars-rich/gl40-ii-gimbal-motor-2d-drawing.pdf",0.06392,0.0115,V/rpm,0.44,2.045,,1.88,1388,H,-20 to 50
cubemars-gl60-ii-kv28,CubeMars,GL60 II KV28,standalone,,0.34,terminal_ll,28,rpm/V,ll,,,5.8,terminal_ll,0.006,terminal_ll,4.01086e-05,28,unknown,,,,1.54,4.09,24.0,0.276,70.5,33.6,146,https://www.cubemars.com/,"GL II series, config 24N28P (28 pole pairs), 20mm bore. Values@24V (16V: rated I 1.56A, rated speed 153, no-load 448, peak torque 1.0Nm). R labeled 'Winding Resistance' 5.8ohm (5800 mOhm), 'Line Inductance' 6mH. Ke/Km/time-constants/winding type/insulation/op-temp NOT published. Cogging 1.5 cNm. Copper wire level E, enamel level H. Currents in A. | src:https://www.cubemars.com/product/gl60-II-kv28-gimbal-motor.html | ds:datasheets/cubemars-rich/gl60-ii-gimbal-motor-2d-drawing.pdf",,,,,,,1.54,,,
