layer,manufacturer,model,product_url,datasheet_url,datasheet_local,price_EUR,price_source,Voltage_V,Rated_Torque_Nm,Peak_Torque_Nm,Rated_Speed_RPM,No_Load_Speed_RPM,Rated_Current_A,Peak_Current_A,Weight_kg,Diameter_mm,Length_mm,Reducer_or_Ratio,Kt_raw_Nm_per_A,Kt_ref,Kv_raw_rpm_per_V,Ke_raw,Ke_unit,R_phase_to_phase_ohm,L_phase_to_phase_H,Rotor_Inertia_kgm2,Km_Nm_per_sqrtW,Mech_Time_Const_ms,Elec_Time_Const_ms,Backdrive_Torque_Nm,Pole_Pairs,Winding,Insulation_Class,Operating_Temp_C,IP,Communication,Notes,Source
actuator,CubeMars,AK60-6 V3.0 KV80,https://www.cubemars.com/product/ak60-6-v3-0-kv80-robotic-actuator.html,https://www.cubemars.com/data/cms/202602/ak60-6-v3-0-robotic-actuator-2d-drawing.pdf,datasheets/cubemars-rich/ak60-6-v3-0-robotic-actuator-2d-drawing.pdf,201,$229.90 USD (cubemars.com) x0.876,48,3,9,490,640,3.8,11.2,0.38,79,43,planetary 6:1,0.135,terminal_ll,80,12.5,V/krpm,0.595,0.000676,2.435e-05,0.15,0.81,0.69,0.2,14,star,C,-20 to 50,,CAN / UART,"Dual-voltage 24/48V; speeds@48V (24V: rated 233/no-load 320, peak I 10.3A). Torque/speed=output(post 6:1); Kt/Kv/Ke/R/L=motor-frame(pre-gearbox). 24 slots. Dielectric 500V 5mA/2s. NTC temp sensor. 21-bit magnetic encoder. Currents ADC.",https://www.cubemars.com/
actuator,CubeMars,AK70-10 KV100,https://www.cubemars.com/product/ak70-10-kv100-robotic-actuator.html,https://www.cubemars.com/data/cms/202602/ak70-10-robotic-actuator-2d-drawing.pdf,datasheets/cubemars-rich/ak70-10-robotic-actuator-2d-drawing.pdf,349,$398.90 USD (cubemars.com) x0.876,48,8.3,24.8,310,480,7.2,23.2,0.521,89,50.25,planetary 10:1,0.123,terminal_ll,100,11.2,V/krpm,0.272,0.000113,7.53479e-05,0.24,0.74,0.42,0.48,21,delta,H,-20 to 50,,CAN / UART,Dual-voltage 24/48V; speeds@48V (24V: rated 148/no-load 240). Current page lists motor weight 521g (earlier pass saw 621g elsewhere on page). Torque/speed=output(post 10:1); Kt/Kv/Ke/R/L=motor-frame. Dielectric 1000V. Backlash 0.12deg. 14-bit encoder. NTC. Currents ADC.,https://www.cubemars.com/
actuator,CubeMars,AK80-6 KV100,https://www.cubemars.com/product/ak80-6-kv100-robotic-actuator.html,https://www.cubemars.com/data/cms/202602/ak80-6-robotic-actuator-2d-drawing.pdf,datasheets/cubemars-rich/ak80-6-robotic-actuator-2d-drawing.pdf,412,$469.90 USD (cubemars.com) x0.876,48,6,12,603,800,9.7,20,0.485,98,38.5,planetary 6:1,0.105,terminal_ll,100,10.5,V/krpm,0.17,5.7e-05,6.07e-05,0.25,0.94,0.34,0.36,21,delta,H,-20 to 50,,CAN / UART,Torque/speed=output(post 6:1); Kt/Kv/Ke/R/L=motor-frame. Dielectric 1000V. Backlash 0.22deg. 14-bit encoder. Currents ADC.,https://www.cubemars.com/
actuator,CubeMars,AK80-9 V3.0 KV100,https://www.cubemars.com/product/ak80-9-v3-0-robotic-actuator.html,https://www.cubemars.com/data/cms/202602/ak80-9-v3-0-robotic-actuator-2d-drawing.pdf,datasheets/cubemars-rich/ak80-9-v3-0-robotic-actuator-2d-drawing.pdf,420,$479.90 USD (cubemars.com) x0.876,48,9,22,390,570,12,28,0.49,98,38.5,planetary 9:1,0.095,terminal_ll,100,10,V/krpm,0.16,0.000116,0.000111832,0.2387,0.725,,0.51,21,delta,C,-20 to 50,,CAN / UART,Torque/speed=output(post 9:1); Kt/Kv/Ke/R/L=motor-frame. 36 slots. Dielectric 1000V. Backlash 15 arcmin. Elec time const not published; note printed mech tc 0.725ms numerically equals L/R(=0.725ms) so may be mislabeled. 16-bit encoder. NTC. Currents ADC.,https://www.cubemars.com/
actuator,CubeMars,AK10-9 V3.0 KV60,https://www.cubemars.com/product/ak10-9-v3-0-kv60-robotic-actuator.html,https://www.cubemars.com/data/cms/202602/ak10-9-v3-0-robotic-actuator-2d-drawing.pdf,datasheets/cubemars-rich/ak10-9-v3-0-robotic-actuator-2d-drawing.pdf,612,$698.90 USD (cubemars.com) x0.876,48,18,53,235,320,10.7,31.9,0.94,98,61.7,planetary 9:1,0.16,terminal_ll,60,16.7,V/krpm,0.248,0.000213,0.0001002,0.32,0.5,0.93,,21,star,C,-20 to 50,,CAN / UART,Torque/speed=output(post 9:1); Kt/Kv/Ke/R/L=motor-frame. 36 slots. Dielectric 1000V. Dual encoder 21-bit inner + 15-bit outer magnetic. Back-drive torque not published on V3 page. NTC. Currents ADC.,https://www.cubemars.com/
actuator,CubeMars,AK10-9 V2.0 KV60,https://www.cubemars.com/product/ak10-9-v2-0-kv60-robotic-actuator.html,https://www.cubemars.com/data/cms/202602/ak10-9-v2-0-robotic-actuator-2d-drawing.pdf,datasheets/cubemars-rich/ak10-9-v2-0-robotic-actuator-2d-drawing.pdf,612,$698.90 USD (cubemars.com) x0.876,48,18,48,228,320,10.6,29.8,0.96,98,61.7,planetary 9:1,0.198,terminal_ll,60,17.2,V/krpm,0.195,0.000181,0.0001002,0.45,0.5,0.93,0.8,21,star,C,-20 to 50,,CAN / UART,Dual-voltage 24/48V; speeds@48V (24V: rated 109/no-load 160). Torque/speed=output(post 9:1); Kt/Kv/Ke/R/L=motor-frame. Dielectric 1000V. Backlash 0.33deg. Dual encoder 14-bit inner + 15-bit outer. NTC. Currents ADC.,https://www.cubemars.com/
actuator,CubeMars,AK80-8 KV60,https://www.cubemars.com/product/ak80-8-kv60-robotic-actuator.html,https://www.cubemars.com/data/cms/202602/ak80-8-robotic-actuator-2d-drawing.pdf,datasheets/cubemars-rich/ak80-8-robotic-actuator-2d-drawing.pdf,412,$469.90 USD (cubemars.com) x0.876,48,10,25,243,360,6.9,21,0.57,98,43.9,planetary 8:1,0.199,terminal_ll,60,19.8,V/krpm,0.43,0.000214,0.000123262,0.3,0.66,0.5,0.75,21,star,C,-20 to 50,,CAN / UART,Torque/speed=output(post 8:1); Kt/Kv/Ke/R/L=motor-frame. Dielectric 1000V. Backlash 0.38deg. Dual encoder 14-bit inner + 15-bit outer. Currents ADC.,https://www.cubemars.com/
actuator,CubeMars,AK80-64 KV80,https://www.cubemars.com/product/ak80-64-kv80-robotic-actuator.html,https://www.cubemars.com/data/cms/202602/ak80-64-robotic-actuator-2d-drawing.pdf,datasheets/cubemars-rich/ak80-64-robotic-actuator-2d-drawing.pdf,780,$889.90 USD (cubemars.com) x0.876,48,48,120,48,75,7,19,0.85,98,61.9,planetary 64:1,0.136,terminal_ll,80,13.7,V/krpm,0.22,0.0001335,5.645e-05,0.29,0.67,0.61,4.7,21,delta,H,-20 to 50,,CAN / UART,Dual-voltage 24/48V; speeds@48V (24V: rated 23/no-load 37). Torque/speed=output(post 64:1); Kt/Kv/Ke/R/L=motor-frame. Dielectric 1000V. Backlash 0.18deg. Single 14-bit inner encoder. NTC. Currents ADC.,https://www.cubemars.com/
actuator,CubeMars,AK70-9 V3.0 KV60,https://www.cubemars.com/product/ak70-9-v3-0-kv60-robotic-actuator.html,https://www.cubemars.com/data/cms/202607/ak70-9-v3-0-kv60-robotic-actuator-2d-drawing.pdf,datasheets/cubemars-rich/ak70-9-v3-0-kv60-robotic-actuator-2d-drawing.pdf,349,$398.90 USD (cubemars.com) x0.876,48,8.5,29.2,260,320,6.25,23.8,0.54,89,49,planetary 9:1,0.159,terminal_ll,60,16.7,V/krpm,0.475,0.000408,4.5e-05,0.23,1.7,,0.8,21,delta,C,-20 to 50,,CAN / UART,"UNITS FIX: live page prints R as '475 Ohm' and L as '408 mH' (anomalous); published Km=0.23 reconciles only with R=475 mOhm (Km=Kt/sqrt(R)=0.159/sqrt(0.475)=0.23) and sister AK models use mOhm/uH, so recorded R=0.475 Ohm, L=408 uH. Torque/speed=output(post 9:1). 24 slots. Dielectric 1000V. Dual encoder 14-bit+15-bit. Elec time const not published. Currents ADC.",https://www.cubemars.com/
actuator,CubeMars,AK60-39 V3.0 KV80,https://www.cubemars.com/product/ak60-39-v3-0-kv80-robotic-actuator.html,https://www.cubemars.com/data/cms/202602/ak60-39-v3-0-robotic-actuator-2d-drawing.pdf,datasheets/cubemars-rich/ak60-39-v3-0-robotic-actuator-2d-drawing.pdf,393,$448.90 USD (cubemars.com) x0.876,48,24,72,70,98,4.5,17,0.75,79,67,planetary 39:1,0.12,terminal_ll,80,12.5,V/krpm,0.6,0.00067,3.05e-05,0.15,2.39,,1.4,14,star,C,-20 to 50,,CAN / UART,Torque/speed=output(post 39:1); Kt/Kv/Ke/R/L=motor-frame. 24 slots. Dielectric 500V. Backlash 15 arcmin. Dual 21-bit MT6835 encoders. Elec time const not published. NTC. Currents ADC.,https://www.cubemars.com/
actuator,CubeMars,AK45-36 V3.0 KV80,https://www.cubemars.com/product/ak45-36-v3-0-kv80-robotic-actuator.html,https://www.cubemars.com/data/cms/202607/ak45-36-v3-0-kv80-2d-drawing.pdf,datasheets/cubemars-rich/ak45-36-v3-0-kv80-2d-drawing.pdf,163,$185.90 USD (cubemars.com) x0.876,24,8,24,40,52,2,6.5,0.349,55,56.5,planetary 36:1,0.11,terminal_ll,80,12.5,V/krpm,1.8,0.0011,1.819e-05,0.15,,,0.8,14,,C,-20 to 50,,CAN / UART,Torque/speed=output(post 36:1); Kt/Kv/Ke/R/L=motor-frame. 24 slots. Dielectric 500V. Backlash 12 arcmin. Dual 16-bit MT6835 encoders. Winding type + time constants not published. Currents ADC.,https://www.cubemars.com/
actuator,CubeMars,AK45-10 V3.0 KV75,https://www.cubemars.com/product/ak45-10-v3-0-kv75-robotic-actuator.html,https://www.cubemars.com/data/cms/202607/ak45-10-v3-0-kv75-2d-drawing.pdf,datasheets/cubemars-rich/ak45-10-v3-0-kv75-2d-drawing.pdf,137,$155.90 USD (cubemars.com) x0.876,24,2.5,7,120,180,1.9,5,0.262,53,45.2,planetary 10:1,0.127,terminal_ll,75,13.33,V/krpm,2.2,0.00133,1.5733e-05,0.0858,,,0.1,14,,C,-20 to 50,,CAN / UART,Torque/speed=output(post 10:1); Kt/Kv/Ke/R/L=motor-frame. 24 slots. Dielectric 500V. Backlash 18 arcmin. Dual 16-bit MT6835 encoders. Winding type + time constants not published. NTC. Currents ADC.,https://www.cubemars.com/
actuator,CubeMars,AK40-10 V3.0 KV170,https://www.cubemars.com/product/ak40-10-v3-0-kv170-robotic-actuator.html,https://www.cubemars.com/data/cms/202607/ak40-10-v3-0-kv170-2d-drawing.pdf,datasheets/cubemars-rich/ak40-10-v3-0-kv170-2d-drawing.pdf,119,$135.90 USD (cubemars.com) x0.876,24,1.3,4.1,370,435,2.7,7.3,0.19,53,40.2,planetary 10:1,0.056,terminal_ll,170,5.88,V/krpm,0.978,0.000465,9.735e-06,0.0568,,,0.06,14,,C,-20 to 50,,CAN / UART,Torque/speed=output(post 10:1); Kt/Kv/Ke/R/L=motor-frame. Max continuous power 50W. 24 slots. Dielectric 500V. Backlash 18 arcmin. Dual 16-bit MT6835 encoders. Winding type + time constants not published. Currents ADC.,https://www.cubemars.com/
actuator,CubeMars,AK60-6 V1.1 KV80,https://www.cubemars.com/product/ak60-6-v1-1-kv80-robotic-actuator.html,https://www.cubemars.com/data/cms/202602/ak60-6-v1-1-robotic-actuator-2d-drawing.pdf,datasheets/cubemars-rich/ak60-6-v1-1-robotic-actuator-2d-drawing.pdf,262,$298.90 USD (cubemars.com) x0.876,24,3,9,233,320,3.8,13.1,0.368,79,39.5,planetary 6:1,0.078,terminal_ll,80,7.5,V/krpm,0.202,0.000138,2.435e-05,0.17,0.81,0.68,0.2,14,delta,C,-20 to 50,,CAN / UART,"V1 generation, single 14-bit encoder. Torque/speed=output(post 6:1); Kt/Kv/Ke/R/L=motor-frame. Dielectric 500V. Backlash 0.55deg. Currents ADC.",https://www.cubemars.com/
actuator,CubeMars,AK60-6 V1.1 KV140,https://www.cubemars.com/product/ak60-6-v1-1-kv80-robotic-actuator.html,https://www.cubemars.com/data/cms/202602/ak60-6-v1-1-robotic-actuator-2d-drawing.pdf,datasheets/cubemars-rich/ak60-6-v1-1-robotic-actuator-2d-drawing.pdf,,,24,3,9,420,560,6.5,22.7,0.368,79,39.5,planetary 6:1,,terminal_ll,140,,,,,,,,,,14,,C,-20 to 50,,CAN / UART,KV140 winding variant shown on same page as KV80. Only mechanical/performance specs published for KV140 (electrical constants Kt/Ke/R/L/Km not separately listed). Price for KV140 not separately shown (page price $298.9 is KV80). Currents ADC.,https://www.cubemars.com/
actuator,CubeMars,AKH70-48 V1.0 KV41,https://www.cubemars.com/product/akh70-48-v-1-0-kv41-hollow-shaft-planetary-actuator.html,https://www.cubemars.com/data/cms/202605/akh70-48-v-1-0-robotic-atuator-2d-drawing.pdf,datasheets/cubemars-rich/akh70-48-v-1-0-robotic-actuator-2d-drawing.pdf,612,$698.90 USD (cubemars.com) x0.876,48,74,222,28,35,6,18,1.396,90,81.5,planetary 48:1,0.23,terminal_ll,41,2.4,V/krpm,0.56,0.0006,0.000117,0.31,2.28,,2.22,21,delta,F,-20 to 50,,CAN / UART,"Hollow-shaft planetary, 7mm bore. R printed 0.56 Ohm, L printed 0.6 mH. 36 slots. Dielectric 500V. Backlash 12 arcmin. Dual 21-bit encoders. Elec time const not published. Currents ADC. Torque/speed=output.",https://www.cubemars.com/
actuator,CubeMars,AKH70-16 V1.0 KV41,https://www.cubemars.com/product/akh70-16-v-1-0-kv41-hollow-shaft-planetary-actuator.html,https://www.cubemars.com/data/cms/202605/akh70-16-v-1-0-robotic-atuator-2d-drawing.pdf,datasheets/cubemars-rich/akh70-16-v-1-0-robotic-actuator-2d-drawing.pdf,525,$598.90 USD (cubemars.com) x0.876,48,26,78,90,105,6.5,19.5,0.879,90,60.5,planetary 16:1,0.23,terminal_ll,41,2.4,V/krpm,0.56,0.0006,0.000117,0.31,2.28,,0.78,21,delta,F,-20 to 50,,CAN / UART,"Hollow-shaft planetary, 7mm bore. Peak torque spec table 78Nm (headline says 85Nm). R printed 0.56 Ohm, L printed 0.6 mH. 36 slots. Dielectric 500V. Backlash 12 arcmin. Dual 21-bit encoders. Elec time const not published. Currents ADC.",https://www.cubemars.com/
actuator,CubeMars,AKA10-9 KV60,https://www.cubemars.com/product/aka10-9-kv60-robotic-actuator.html,https://www.cubemars.com/data/cms/202602/aka10-9-robotic-actuator-2d-drawing.pdf,datasheets/cubemars-rich/aka10-9-robotic-actuator-2d-drawing.pdf,700,$798.90 USD (cubemars.com) x0.876,48,18,53,109,280,10.6,32,1.06,100,70,planetary 9:1,0.16,terminal_ll,60,0.0167,V/krpm,0.248,0.000235,0.0001002,0.32,1.9,0.94,0.8,21,star,C,-20 to 50,,CAN / UART,Ke printed '0.0167 V/krpm' but value is really V/rpm (=16.7 V/krpm). No-load speed 280rpm in table (320 cited in summary). Torque/speed=output(post 9:1). Dielectric 1000V. Backlash 0.15deg. Outer-ring 16-bit encoder. Currents ADC.,https://www.cubemars.com/
actuator,CubeMars,AKA60-6 KV80,https://www.cubemars.com/product/aka60-6-kv80-robotic-actuator.html,https://www.cubemars.com/data/cms/202602/aka60-6-robotic-actuator-2d-drawing.pdf,datasheets/cubemars-rich/aka60-6-robotic-actuator-2d-drawing.pdf,262,$298.90 USD (cubemars.com) x0.876,48,3,9,400,640,4,11.2,0.46,80,51.2,planetary 6:1,0.11937,terminal_ll,80,0.0125,V/krpm,0.595,0.000675,3.3191e-05,0.1541,2.5,1.13,,14,star,H,-20 to 50,,CAN / UART,Ke printed '0.0125 V/krpm' but value is really V/rpm (=12.5 V/krpm). Dual-voltage 24/48V; speeds@48V (24V: rated 200/no-load 320). Torque/speed=output(post 6:1). Dielectric 500V. Single 14-bit encoder. Back-drive not published. Currents ADC.,https://www.cubemars.com/
actuator,CubeMars,AKE90-8 KV35,https://www.cubemars.com/product/ake90-8-kv35-quasi-direct-drive-actuator.html,https://www.cubemars.com/data/cms/202602/ake90-8-quasi-direct-drive-2d-drawing.pdf,datasheets/cubemars-rich/ake90-8-quasi-direct-drive-2d-drawing.pdf,424,$483.90 USD (cubemars.com) x0.876,48,55,170,120,210,21,72,1.4,107.5,43.5,planetary 8:1,0.272,terminal_ll,35,0.0285,V/krpm,0.164,0.000235,0.000337708,0.67372,2.18,1.4329,,21,delta,H,-20 to 50,,,"QDD module: no encoder, no driver board (sold separately). Ke printed '0.0285 V/krpm' but value is really V/rpm (=28.5 V/krpm). Rated power 700W. Backlash 9 arcmin. Dielectric 1000V 5mA/2s. Back-drive torque NOT on live page (user-supplied datasheet=9Nm). Torque/speed=output(post 8:1); Kt/Kv/Ke/R/L=motor-frame. Currents ADC. Rated power 700W (not the 1500W peak-curve figure).",https://www.cubemars.com/
actuator,CubeMars,AKE80-8 KV30,https://www.cubemars.com/product/ake80-8-kv30-quasi-direct-drive-actuator.html,https://www.cubemars.com/data/cms/202602/ake80-8-quasi-direct-drive-2d-drawing.pdf,datasheets/cubemars-rich/ake80-8-quasi-direct-drive-2d-drawing.pdf,298,$339.90 USD (cubemars.com) x0.876,48,12,30,150,195,4.8,12,0.57,87,32,planetary 8:1,0.32,terminal_ll,30,33,V/krpm,0.87,0.00099,0.000147175,0.34,2.3,1.13,,21,star,F,-20 to 50,,,"QDD module: no encoder, no driver board. Rated power 188W. Backlash 9 arcmin. Dielectric 500V. Torque/speed=output(post 8:1); Kt/Kv/Ke/R/L=motor-frame. Back-drive not published. Currents ADC.",https://www.cubemars.com/
actuator,CubeMars,AKE60-8 KV80,https://www.cubemars.com/product/ake60-8-kv80-quasi-direct-drive-actuator.html,https://www.cubemars.com/data/cms/202602/ake60-8-quasi-direct-drive-2d-drawing.pdf,datasheets/cubemars-rich/ake60-8-quasi-direct-drive-2d-drawing.pdf,192,$218.90 USD (cubemars.com) x0.876,24,5,12.5,180,240,4.8,12,0.26,69,25,planetary 8:1,0.13,terminal_ll,80,12.5,V/krpm,0.577,0.000704,6.4739e-05,0.15,1.2,1.7,,14,star,F,-20 to 50,,,"QDD module: no encoder, no driver board. 24V. Rated power 95W. Backlash 9 arcmin. Dielectric 500V. Torque/speed=output(post 8:1); Kt/Kv/Ke/R/L=motor-frame. Back-drive not published. Currents ADC.",https://www.cubemars.com/
motor,CubeMars,RI100 KV105,https://www.cubemars.com/product/ri100-kv105-frameless-inrunner-torque-motor.html,https://www.cubemars.com/data/cms/202602/ri100-frameless-torque-motor-without-hall-sensor-2d-drawing.pdf,datasheets/cubemars-rich/ri100-frameless-torque-motor-2d-drawing.pdf,130,$148.90 USD (cubemars.com) x0.876,48,1.76,4.95,2825,4368,13.6,38.6,0.5,104,26,none (frameless),0.129,terminal_ll,105,10.47,V/krpm,0.126,0.0003667,2.155e-05,0.3634,0.16,2.91,,14,delta,C,-20 to 50,,,"Frameless inrunner; 45mm hollow shaft. Multi-voltage 24/36/48V (torque/current V-independent; speeds@48V; rated 1370/2100/2825, no-load 2184/3276/4368). R=phase-to-phase. Dielectric 1000V. Optional Hall. Currents ADC.",https://www.cubemars.com/
motor,CubeMars,RI80 V2.0 KV75,https://www.cubemars.com/product/ri80-v2-0-kv75-frameless-inrunner-torque-motor.html,https://www.cubemars.com/data/cms/202602/ri80-v2-frameless-torque-motor-with-hall-sensor-2d-drawing.pdf,datasheets/cubemars-rich/ri80-v2-frameless-torque-motor-2d-drawing.pdf,116,$132.90 USD (cubemars.com) x0.876,48,1.45,4.1,2430,2960,9.4,27.6,0.411,85,27,none (frameless),0.155,terminal_ll,75,15.5,V/krpm,0.33,0.00051,2.1249e-05,0.2698,0.29,1.55,,8,delta,C,-20 to 50,,,"Frameless inrunner; 40.5mm hollow shaft. Multi-voltage 24/36/48V; speeds@48V (rated 1135/1785/2430, no-load 1480/2220/2960). R=phase-to-phase. Dielectric 1000V. Optional Hall. Currents ADC.",https://www.cubemars.com/
motor,CubeMars,RI70 KV95,https://www.cubemars.com/product/ri70-kv95-frameless-inrunner-torque-motor.html,https://www.cubemars.com/data/cms/202602/ri70-frameless-torque-motor-with-hall-sensor-2d-drawing.pdf,datasheets/cubemars-rich/ri70-frameless-torque-motor-2d-drawing.pdf,109,$123.90 USD (cubemars.com) x0.876,48,0.94,2.68,2710,3912,7.1,21,0.2704,76,24,none (frameless),0.13,terminal_ll,95,11.69,V/krpm,0.418,0.0006227,9.215e-06,0.2011,0.23,1.49,,14,delta,C,-20 to 50,,,"Frameless inrunner; 38mm hollow shaft. Multi-voltage 24/36/48V; speeds@48V (rated 1270/1990/2710, no-load 1956/2934/3912). R=phase-to-phase. Dielectric 1000V. Optional Hall. Currents ADC.",https://www.cubemars.com/
motor,CubeMars,RI60 KV120,https://www.cubemars.com/product/ri60-kv120-frameless-inrunner-torque-motor.html,https://www.cubemars.com/data/cms/202602/ri60-frameless-torque-motor-with-hall-sensor-2d-drawing.pdf,datasheets/cubemars-rich/ri60-frameless-torque-motor-2d-drawing.pdf,87,$98.90 USD (cubemars.com) x0.876,48,0.57,1.63,3190,5064,5.6,16.8,0.1559,60,23,none (frameless),0.1,terminal_ll,120,9.03,V/krpm,0.9,0.0008775,3.305e-06,0.1054,0.3,0.98,,14,delta,C,-20 to 50,,,"Frameless inrunner; 30mm hollow shaft. Multi-voltage 24/36/48V; speeds@48V (rated 1440/2320/3190, no-load 2532/3798/5064). R=phase-to-phase. Dielectric 500V. Optional Hall. Currents ADC.",https://www.cubemars.com/
motor,CubeMars,RI50 KV100,https://www.cubemars.com/product/ri50-kv100-frameless-inrunner-torque-motor.html,https://www.cubemars.com/data/cms/202602/ri50-frameless-torque-motor-with-hall-sensor-2d-drawing.pdf,datasheets/cubemars-rich/ri50-frameless-torque-motor-2d-drawing.pdf,54,$61.90 USD (cubemars.com) x0.876,48,0.58,1.67,2600,4008,4.8,14.8,0.1808,54,27,none (frameless),0.12,terminal_ll,100,11.41,V/krpm,1.42,0.0015,2.28e-06,0.1007,0.22,1.06,,7,star,C,-20 to 50,,,"Frameless inrunner; 22mm hollow shaft. Multi-voltage 24/36/48V; speeds@48V (rated 1090/1860/2600, no-load 2004/3006/4008). R=phase-to-phase. Dielectric 500V. Optional Hall. Currents ADC.",https://www.cubemars.com/
motor,CubeMars,RO100 KV55 Standard,https://www.cubemars.com/product/ro100-kv55-standard-with-hall-frameless-torque-motor.html,https://www.cubemars.com/data/cms/202602/ro100-kv55-frameless-torque-motor-2d-drawing.pdf,datasheets/cubemars-rich/ro100-kv55-frameless-torque-motor-2d-drawing.pdf,151,$171.90 USD (cubemars.com) x0.876,48,4,12,2000,2550,20,62,0.71,113.5,36.2,none (frameless),0.2,terminal_ll,55,18.67,V/krpm,0.143,0.000137,0.00087,0.53,1.73,0.96,,21,star,F,-20 to 50,,,"Frameless outrunner, Standard-with-hall (Std 710g / Lite 525g, Std inertia 8700 / Lite 5290 gcm2, Std Phi113.5x36.2 / Lite Phi108.3x28). R=phase-to-phase. Cogging 55 Nmm. Dielectric 500V. Hall + temp sensor (Std). Currents ADC.",https://www.cubemars.com/
motor,CubeMars,RO80 KV105 Standard,https://www.cubemars.com/product/ro80-kv105-standard-with-hall-frameless-torque-motor.html,https://www.cubemars.com/data/cms/202602/ro80-kv105-frameless-torque-motor-2d-drawing.pdf,datasheets/cubemars-rich/ro80-kv105-frameless-torque-motor-2d-drawing.pdf,101,$114.90 USD (cubemars.com) x0.876,48,1.3,4,3600,5040,15,50,0.352,92.6,26.4,none (frameless),0.087,terminal_ll,105,9.07,V/krpm,0.12,0.000103,0.0002612,0.25,2.95,0.86,,21,delta,F,-20 to 50,,,"Frameless outrunner, Standard-with-hall (Std 352g / Lite 265g, Std inertia 2612 / Lite 1600 gcm2, Std Phi92.6x26.4 / Lite Phi88.6x17.7). R=phase-to-phase. Cogging 24 Nmm. Dielectric 500V. Hall + temp sensor (Std). Currents ADC.",https://www.cubemars.com/
motor,CubeMars,RO60 KV115 Standard,https://www.cubemars.com/product/ro60-kv115-standard-with-hall-frameless-torque-motor.html,https://www.cubemars.com/data/cms/202602/ro60-kv115-frameless-torque-motor-2d-drawing.pdf,datasheets/cubemars-rich/ro60-kv115-frameless-torque-motor-2d-drawing.pdf,75,$85.90 USD (cubemars.com) x0.876,48,0.8,2.4,4200,5520,8.5,40,0.248,73.8,23,none (frameless),0.094,terminal_ll,115,8.28,V/krpm,0.3,0.000395,0.0001161,0.17,2.86,1.32,,14,star,F,-20 to 50,,,"Frameless outrunner, Standard-with-hall (Std 248g / Lite 195g, Std inertia 1161 / Lite 800 gcm2, Std Phi73.8x23 / Lite Phi70.5x15). R=phase-to-phase. Cogging 15 Nmm. Dielectric 500V. Hall + temp sensor (Std). Currents ADC.",https://www.cubemars.com/
motor,CubeMars,RO50 KV108 Lite,https://www.cubemars.com/product/ro50-kv108-lite-without-hall-frameless-torque-motor.html,https://www.cubemars.com/data/cms/202606/ro50-kv108-lite-frameless-torque-motor-2d-drawing.pdf,datasheets/cubemars-rich/ro50-kv108-lite-frameless-torque-motor-2d-drawing.pdf,58,$65.90 USD (cubemars.com) x0.876,24,0.3,0.9,2100,2600,3.4,0.9,0.105,61.7,14.5,none (frameless),0.088,terminal_ll,108,9.2,V/krpm,1.035,0.00046,3.2721e-05,0.087,2.4,0.44,,14,,F,-20 to 50,,,"Frameless outrunner, Lite/no-hall. Max continuous power 66W. R=phase-to-phase. Cogging 10 Nmm. Dielectric 500V. Winding type not published. PEAK CURRENT 0.9A printed is below rated 3.4A - datasheet typo. Currents ADC.",https://www.cubemars.com/
motor,CubeMars,RO40 KV140 Lite,https://www.cubemars.com/product/ro40-kv140-lite-without-hall-frameless-torque-motor.html,https://www.cubemars.com/data/cms/202606/ro40-kv140-lite-frameless-torque-motor-2d-drawing.pdf,datasheets/cubemars-rich/ro40-kv140-lite-frameless-torque-motor-2d-drawing.pdf,45,$51.90 USD (cubemars.com) x0.876,24,0.2,0.6,2450,3400,2.85,11.6,0.06,46.3,13,none (frameless),0.068,terminal_ll,141,7,V/krpm,1.7,0.00058,1.2211e-05,0.52,2.2,0.34,,14,,F,-20 to 50,,,"Frameless outrunner, Lite. Title KV140; spec Kv=141. Max continuous power 51W. R=phase-to-phase. Cogging 6 Nmm. Dielectric 500V. Km printed 0.52 Nm/sqrtW is inconsistent (Kt/sqrt(R)=0.068/sqrt(1.7)=0.052) - likely missing-zero typo. Winding not published. Currents ADC.",https://www.cubemars.com/
motor,CubeMars,GL30 KV290,https://www.cubemars.com/product/gl30-kv290-gimbal-motor.html,https://www.cubemars.com/data/cms/202602/gl30-gimbal-motor-with-encoder-2d-drawing.pdf,datasheets/cubemars-rich/gl30-gimbal-motor-2d-drawing.pdf,45,$50.99 USD (cubemars.com) x0.876,12,0.08,0.28,1990,3060,2.13,7.4,0.041,34.5,15.7,none (direct drive),0.038,terminal_ll,255,3.73,V/krpm,1.53,0.00033,2.42e-06,0.0307212,2.56,0.22,,7,star,H,-20 to 50,IP45,,"Gimbal, 6mm bore. Model title KV290 but spec Kv=255. R=phase-to-phase. Dielectric 500V. Encoder optional. Currents ADC.",https://www.cubemars.com/
motor,CubeMars,GL35 KV100,https://www.cubemars.com/product/gl35-kv100-gimbal-motor.html,https://www.cubemars.com/data/cms/202602/gl35-gimbal-motor-no-encoder-2d-drawing.pdf,datasheets/cubemars-rich/gl35-gimbal-motor-2d-drawing.pdf,48,$54.99 USD (cubemars.com) x0.876,16,0.15,0.46,815,1320,1.3,4,0.09,41.8,21,none (direct drive),0.115,terminal_ll,82.5,11.54,V/krpm,3.6,0.0021,6.1e-06,0.0606103,1.66,0.58,,7,star,H,-20 to 50,IP45,,"Gimbal, 6mm bore. Model title KV100 but spec Kv=82.5. R=phase-to-phase. Dielectric 500V. Encoder optional. Currents ADC.",https://www.cubemars.com/
motor,CubeMars,GL40 KV70,https://www.cubemars.com/product/gl40-kv70-gimbal-motor.html,https://www.cubemars.com/data/cms/202602/gl40-gimbal-motor-2d-drawing.pdf,datasheets/cubemars-rich/gl40-gimbal-motor-2d-drawing.pdf,64,$72.99 USD (cubemars.com) x0.876,16,0.25,0.5,430,1015,1.62,3.3,0.107,46.5,21.5,none (direct drive),0.15,terminal_ll,63.5,15,V/krpm,4.5,0.0018,7.4e-06,0.0707107,1.48,0.4,,14,star,H,-20 to 50,IP45,,"Gimbal, 8mm bore. KV70 winding variant (spec Kv=63.5). R=phase-to-phase. Dielectric 500V. Page also lists KV210 variant (separate row). Currents ADC.",https://www.cubemars.com/
motor,CubeMars,GL40 KV210,https://www.cubemars.com/product/gl40-kv70-gimbal-motor.html,https://www.cubemars.com/data/cms/202602/gl40-gimbal-motor-2d-drawing.pdf,datasheets/cubemars-rich/gl40-gimbal-motor-2d-drawing.pdf,64,$72.99 USD (cubemars.com) x0.876,16,0.25,0.75,2100,3120,4.9,14.9,0.107,46.5,21.5,none (direct drive),0.05,terminal_ll,195,4.88,V/krpm,0.5,0.00018,7.4e-06,0.0707107,1.48,0.36,,14,star,H,-20 to 50,IP45,,"Gimbal, 8mm bore. KV210 winding variant of GL40 (spec Kv=195); same page/price as KV70. R=phase-to-phase. Dielectric 500V. Currents ADC.",https://www.cubemars.com/
motor,CubeMars,GL60 KV25,https://www.cubemars.com/product/gl60-kv25-gimbal-motor.html,https://www.cubemars.com/data/cms/202602/gl60-gimbal-motor-2d-drawing.pdf,datasheets/cubemars-rich/gl60-gimbal-motor-2d-drawing.pdf,95,$108.99 USD (cubemars.com) x0.876,24,0.6,1.75,310,516,1.35,4,0.23,69,22.3,none (direct drive),0.45,terminal_ll,21.5,44.3,V/krpm,5.5,0.00272,3.55e-05,0.191881,0.96,0.49,,14,star,H,-20 to 50,IP45,,"Gimbal, 20mm bore. Model title KV25 but spec Kv=21.5. R=phase-to-phase. Dielectric 500V. Page also lists KV55 variant (separate row). Currents ADC.",https://www.cubemars.com/
motor,CubeMars,GL60 KV55,https://www.cubemars.com/product/gl60-kv25-gimbal-motor.html,https://www.cubemars.com/data/cms/202602/gl60-gimbal-motor-2d-drawing.pdf,datasheets/cubemars-rich/gl60-gimbal-motor-2d-drawing.pdf,95,$108.99 USD (cubemars.com) x0.876,24,0.6,1.75,840,1140,2.93,8.9,0.226,69,22.3,none (direct drive),0.205,terminal_ll,47.5,20.05,V/krpm,1.2,0.0009,3.55e-05,0.187139,1.01,0.75,,14,star,H,-20 to 50,IP45,,"Gimbal, 20mm bore. KV55 winding variant of GL60 (spec Kv=47.5); same page/price as KV25. R=phase-to-phase. Dielectric 500V. Currents ADC.",https://www.cubemars.com/
motor,CubeMars,GL80 KV30,https://www.cubemars.com/product/gl80-kv30-gimbal-motor.html,https://www.cubemars.com/data/cms/202602/gl80-gimbal-motor-2d-drawing.pdf,datasheets/cubemars-rich/gl80-gimbal-motor-2d-drawing.pdf,159,$181.99 USD (cubemars.com) x0.876,24,1,2.9,450,650,2.8,8.2,0.315,87,22.3,none (direct drive),0.356,terminal_ll,27,35.27,V/krpm,1.8,0.0011,6.5e-05,0.265347,0.92,0.61,,21,star,H,-20 to 50,IP45,,"Gimbal, 30mm bore. Model title KV30 but spec Kv=27. R=phase-to-phase. Dielectric 1000V. Page also lists KV60 variant (separate row). Currents ADC.",https://www.cubemars.com/
motor,CubeMars,GL80 KV60,https://www.cubemars.com/product/gl80-kv30-gimbal-motor.html,https://www.cubemars.com/data/cms/202602/gl80-gimbal-motor-2d-drawing.pdf,datasheets/cubemars-rich/gl80-gimbal-motor-2d-drawing.pdf,159,$181.99 USD (cubemars.com) x0.876,24,1,2.9,1010,1300,5.6,16.3,0.312,87,22.3,none (direct drive),0.178,terminal_ll,54.5,17.47,V/krpm,0.45,0.00027,6.5e-05,0.265347,0.92,0.6,,21,star,H,-20 to 50,IP45,,"Gimbal, 30mm bore. KV60 winding variant of GL80 (spec Kv=54.5); same page/price as KV30. R=phase-to-phase. Dielectric 1000V. Currents ADC.",https://www.cubemars.com/
motor,CubeMars,GL100 KV10,https://www.cubemars.com/product/gl100-kv10-gimbal-motor.html,https://www.cubemars.com/data/cms/202602/gl100-gimbal-motor-2d-drawing.pdf,datasheets/cubemars-rich/gl100-gimbal-motor-2d-drawing.pdf,239,$272.99 USD (cubemars.com) x0.876,24,3,7.7,130,223,2.9,7.8,0.698,106.8,34.2,none (direct drive),1.03,terminal_ll,9.3,102.4,V/krpm,2.65,0.00235,0.000231,0.632724,0.58,0.89,,20,star,H,-20 to 50,IP45,,"Gimbal, 30mm bore. Model title KV10 but spec Kv=9.3. R=phase-to-phase. Dielectric 1000V. Currents ADC.",https://www.cubemars.com/
motor,CubeMars,GL40 II KV82.5,https://www.cubemars.com/product/gl40-II-kv82-5-gimbal-motor.html,https://www.cubemars.com/data/cms/202602/GL40-ii-gimbal-motor-2d-drawing.pdf,datasheets/cubemars-rich/gl40-ii-gimbal-motor-2d-drawing.pdf,117,$133.99 USD (cubemars.com) x0.876,16,0.25,0.68,697,1388,1.88,5.22,0.125,46.1,33.5,none (direct drive),0.11,terminal_ll,82.5,0.0115,V/krpm,3,0.00132,7.945e-06,0.06392,2.045,0.44,,14,star,H,-20 to 50,,,"GL II series, 12.5mm hollow shaft. Ke printed '0.0115 V/krpm' - units-slip typo (should be ~11.5 V/krpm). Rated power 19W. Cogging 0.7 cNm. R=phase-to-phase. Dielectric 500V. Currents ADC. Has GL II integrated driver (separate).",https://www.cubemars.com/
motor,CubeMars,GL60 II KV28,https://www.cubemars.com/product/gl60-II-kv28-gimbal-motor.html,https://www.cubemars.com/data/cms/202602/gl60-ii-gimbal-motor-2d-drawing.pdf,datasheets/cubemars-rich/gl60-ii-gimbal-motor-2d-drawing.pdf,146,$166.99 USD (cubemars.com) x0.876,24,0.6,1.5,319,,1.54,4.09,0.276,70.5,33.6,none (direct drive),0.34,terminal_ll,28,,,5.8,0.006,4.01086e-05,,,,,28,,,,,,"GL II series, config 24N28P (28 pole pairs), 20mm bore. Values@24V (16V: rated I 1.56A, rated speed 153, no-load 448, peak torque 1.0Nm). R labeled 'Winding Resistance' 5.8ohm (5800 mOhm), 'Line Inductance' 6mH. Ke/Km/time-constants/winding type/insulation/op-temp NOT published. Cogging 1.5 cNm. Copper wire level E, enamel level H. Currents in A.",https://www.cubemars.com/
